Year,MONTH,Data Status,R_Revenue,R_Sales,R_Customers,R_Price,C_Revenue,C_Sales,C_Customers,C_Price,I_Revenue,I_Sales,I_Customers,I_Price,T_Revenue,T_Sales,T_Customers,T_Price,O_Revenue,O_Sales,O_Customers,O_Price,Tot_Revenue,Tot_Sales,Tot_Customers,Tot_Price,,,,,,
1990,1,Final,"6,841,300","95,420,231",.,7.17,"4,332,195","62,498,967",.,6.93,"3,452,337","75,187,693",.,4.59,.,.,.,.,"465,357","7,767,762",.,5.99,"15,091,189","240,874,655",.,6.27,,,,,,
1990,2,Final,"5,571,807","74,498,370",.,7.48,"4,070,345","56,912,068",.,7.15,"3,421,356","74,606,540",.,4.59,.,.,.,.,"451,273","7,345,620",.,6.14,"13,514,792","213,362,594",.,6.33,,,,,,
1990,3,Final,"5,442,934","71,901,767",.,7.57,"4,191,027","57,979,978",.,7.23,"3,534,164","76,841,977",.,4.60,.,.,.,.,"458,404","7,343,455",.,6.24,"13,626,535","214,067,173",.,6.37,,,,,,
1990,4,Final,"5,015,134","65,190,618",.,7.69,"4,065,960","56,480,718",.,7.20,"3,473,270","76,238,153",.,4.56,.,.,.,.,"468,345","7,162,259",.,6.54,"13,022,717","205,071,739",.,6.35,,,,,,
1990,5,Final,"5,006,417","62,881,008",.,7.96,"4,310,961","58,940,835",.,7.31,"3,640,164","78,758,806",.,4.62,.,.,.,.,"482,726","7,571,005",.,6.38,"13,440,270","208,151,658",.,6.46,,,,,,
1990,6,Final,"5,986,006","73,899,811",.,8.10,"4,841,197","64,609,125",.,7.49,"3,888,140","80,676,340",.,4.82,.,.,.,.,"513,521","7,857,234",.,6.54,"15,228,862","227,042,513",.,6.71,,,,,,
1990,7,Final,"7,436,335","90,935,492",.,8.18,"5,334,102","70,948,145",.,7.52,"4,086,480","81,116,187",.,5.04,.,.,.,.,"556,503","8,590,035",.,6.48,"17,413,412","251,589,853",.,6.92,,,,,,
1990,8,Final,"7,296,962","88,563,829",.,8.24,"5,354,635","71,119,498",.,7.53,"4,189,525","84,045,130",.,4.98,.,.,.,.,"529,237","8,384,970",.,6.31,"17,370,359","252,113,432",.,6.89,,,,,,
1990,9,Final,"7,031,920","86,239,965",.,8.15,"5,194,144","69,295,956",.,7.50,"4,055,915","81,611,206",.,4.97,.,.,.,.,"521,691","8,034,308",.,6.49,"16,803,668","245,181,443",.,6.85,,,,,,
1990,10,Final,"5,596,588","69,595,203",.,8.04,"4,782,594","63,098,049",.,7.58,"3,952,109","81,959,284",.,4.82,.,.,.,.,"495,638","7,654,004",.,6.48,"14,826,928","222,306,541",.,6.67,,,,,,
1990,11,Final,"5,184,492","66,428,238",.,7.80,"4,302,006","58,650,288",.,7.34,"3,607,273","77,666,097",.,4.64,.,.,.,.,"466,780","7,147,561",.,6.53,"13,560,550","209,892,183",.,6.46,,,,,,
1990,12,Final,"5,968,524","78,464,162",.,7.61,"4,337,503","60,492,934",.,7.17,"3,556,079","76,814,288",.,4.63,.,.,.,.,"481,403","7,129,507",.,6.75,"14,343,509","222,900,878",.,6.43,,,,,,
1991,1,Final,"6,951,839","93,854,576",.,7.41,"4,540,456","63,355,384",.,7.17,"3,527,408","76,262,174",.,4.63,.,.,.,.,"499,236","7,736,242",.,6.45,"15,518,940","241,208,372",.,6.43,,,,,,
1991,2,Final,"6,041,939","79,444,016",.,7.61,"4,314,890","58,596,173",.,7.36,"3,484,702","73,867,697",.,4.72,.,.,.,.,"473,551","7,262,074",.,6.52,"14,315,079","219,169,956",.,6.53,,,,,,
1991,3,Final,"5,750,968","73,862,548",.,7.79,"4,285,432","58,168,650",.,7.37,"3,526,128","74,872,180",.,4.71,.,.,.,.,"470,117","7,285,842",.,6.45,"14,032,643","214,189,211",.,6.55,,,,,,
1991,4,Final,"5,256,024","65,887,836",.,7.98,"4,206,096","57,161,478",.,7.36,"3,534,291","75,888,484",.,4.66,.,.,.,.,"477,692","7,403,457",.,6.45,"13,474,098","206,341,259",.,6.53,,,,,,
1991,5,Final,"5,478,459","67,266,873",.,8.14,"4,613,347","61,451,570",.,7.51,"3,803,811","80,416,482",.,4.73,.,.,.,.,"520,502","8,163,594",.,6.38,"14,416,126","217,298,520",.,6.63,,,,,,
1991,6,Final,"6,734,265","80,947,065",.,8.32,"5,197,215","68,014,994",.,7.64,"4,002,638","80,725,656",.,4.96,.,.,.,.,"540,198","8,288,829",.,6.52,"16,474,321","237,976,539",.,6.92,,,,,,
1991,7,Final,"7,924,413","94,569,114",.,8.38,"5,560,673","71,883,046",.,7.74,"4,173,178","81,775,445",.,5.10,.,.,.,.,"568,913","8,669,987",.,6.56,"18,227,179","256,897,592",.,7.10,,,,,,
1991,8,Final,"7,822,087","92,966,539",.,8.41,"5,605,597","72,378,189",.,7.74,"4,273,059","84,131,301",.,5.08,.,.,.,.,"569,325","8,785,351",.,6.48,"18,270,065","258,261,379",.,7.07,,,,,,
1991,9,Final,"7,074,557","84,536,461",.,8.37,"5,394,356","69,524,688",.,7.76,"4,139,189","82,139,054",.,5.04,.,.,.,.,"546,312","8,291,278",.,6.59,"17,154,417","244,491,486",.,7.02,,,,,,
1991,10,Final,"5,759,763","69,256,478",.,8.32,"4,953,604","63,457,836",.,7.81,"4,007,761","81,404,686",.,4.92,.,.,.,.,"499,100","7,506,866",.,6.65,"15,220,228","221,625,878",.,6.87,,,,,,
1991,11,Final,"5,639,474","70,906,273",.,7.95,"4,494,037","60,148,881",.,7.47,"3,674,593","78,353,372",.,4.69,.,.,.,.,"478,863","7,308,732",.,6.55,"14,286,971","216,717,257",.,6.59,,,,,,
1991,12,Final,"6,394,190","81,919,575",.,7.81,"4,489,544","61,522,713",.,7.30,"3,590,421","76,746,860",.,4.68,.,.,.,.,"494,482","7,636,450",.,6.48,"14,968,638","227,825,601",.,6.57,,,,,,
1992,1,Final,"7,040,577","91,472,367",.,7.70,"4,543,693","62,207,647",.,7.30,"3,609,960","77,353,205",.,4.67,.,.,.,.,"502,477","7,668,775",.,6.55,"15,696,712","238,701,992",.,6.58,,,,,,
1992,2,Final,"6,388,561","82,166,086",.,7.78,"4,406,155","59,648,400",.,7.39,"3,610,574","76,894,482",.,4.70,.,.,.,.,"478,301","7,451,576",.,6.42,"14,883,589","226,160,547",.,6.58,,,,,,
1992,3,Final,"5,905,430","73,753,733",.,8.01,"4,414,731","59,375,528",.,7.44,"3,714,331","79,310,535",.,4.68,.,.,.,.,"489,244","7,487,449",.,6.53,"14,523,737","219,927,249",.,6.60,,,,,,
1992,4,Final,"5,496,663","68,450,124",.,8.03,"4,300,522","57,874,988",.,7.43,"3,658,505","78,216,442",.,4.68,.,.,.,.,"478,919","7,398,011",.,6.47,"13,934,609","211,939,567",.,6.57,,,,,,
1992,5,Final,"5,431,696","64,782,539",.,8.38,"4,593,424","60,380,159",.,7.61,"3,832,820","80,799,387",.,4.74,.,.,.,.,"506,925","7,723,780",.,6.56,"14,364,868","213,685,860",.,6.72,,,,,,
1992,6,Final,"6,106,650","70,906,637",.,8.61,"5,132,729","65,026,392",.,7.89,"4,107,793","83,496,283",.,4.92,.,.,.,.,"546,334","7,871,949",.,6.94,"15,893,512","227,301,266",.,6.99,,,,,,
1992,7,Final,"7,580,956","88,765,464",.,8.54,"5,657,248","71,211,088",.,7.94,"4,347,733","84,823,937",.,5.13,.,.,.,.,"580,724","8,354,300",.,6.95,"18,166,658","253,154,785",.,7.18,,,,,,
1992,8,Final,"7,578,221","88,505,744",.,8.56,"5,615,458","70,622,498",.,7.95,"4,319,242","85,703,755",.,5.04,.,.,.,.,"577,228","8,286,973",.,6.97,"18,090,141","253,118,975",.,7.15,,,,,,
1992,9,Final,"6,838,048","79,592,966",.,8.59,"5,452,448","68,237,201",.,7.99,"4,270,589","83,877,169",.,5.09,.,.,.,.,"583,940","8,392,340",.,6.96,"17,145,027","240,099,683",.,7.14,,,,,,
1992,10,Final,"5,904,768","69,962,112",.,8.44,"5,040,309","63,833,216",.,7.90,"4,068,952","83,312,550",.,4.88,.,.,.,.,"535,718","7,726,417",.,6.93,"15,549,749","224,834,295",.,6.92,,,,,,
1992,11,Final,"5,701,690","70,061,583",.,8.14,"4,524,514","59,976,391",.,7.54,"3,787,702","81,096,935",.,4.67,.,.,.,.,"504,756","7,409,085",.,6.81,"14,518,657","218,543,989",.,6.64,,,,,,
1992,12,Final,"6,875,097","87,519,433",.,7.86,"4,661,319","62,877,023",.,7.41,"3,664,983","77,829,307",.,4.71,.,.,.,.,"511,655","7,671,501",.,6.67,"15,713,056","235,897,266",.,6.66,,,,,,
1993,1,Final,"7,254,032","93,792,370",.,7.73,"4,709,998","64,373,911",.,7.32,"3,590,721","77,305,371",.,4.64,.,.,.,.,"517,425","7,830,691",.,6.61,"16,072,177","243,302,348",.,6.61,,,,,,
1993,2,Final,"6,502,009","83,424,707",.,7.79,"4,497,468","60,980,090",.,7.38,"3,557,298","76,503,060",.,4.65,.,.,.,.,"497,966","7,647,074",.,6.51,"15,054,739","228,554,933",.,6.59,,,,,,
1993,3,Final,"6,478,070","83,053,786",.,7.80,"4,646,361","62,501,296",.,7.43,"3,704,799","79,438,591",.,4.66,.,.,.,.,"496,188","7,632,423",.,6.50,"15,325,412","232,626,090",.,6.59,,,,,,
1993,4,Final,"5,664,889","69,702,639",.,8.13,"4,478,887","59,816,134",.,7.49,"3,629,663","78,915,253",.,4.60,.,.,.,.,"505,487","7,418,449",.,6.81,"14,278,921","215,852,470",.,6.62,,,,,,
1993,5,Final,"5,467,973","63,882,663",.,8.56,"4,793,726","61,818,065",.,7.75,"3,857,771","81,528,591",.,4.73,.,.,.,.,"514,602","7,405,111",.,6.95,"14,634,075","214,634,431",.,6.82,,,,,,
1993,6,Final,"6,694,215","76,580,103",.,8.74,"5,480,124","68,482,657",.,8.00,"4,182,279","84,270,948",.,4.96,.,.,.,.,"568,089","8,005,469",.,7.10,"16,924,711","237,339,172",.,7.13,,,,,,
1993,7,Final,"8,824,274","101,040,539",.,8.73,"6,098,544","76,052,704",.,8.02,"4,378,129","84,807,577",.,5.16,.,.,.,.,"584,005","8,267,814",.,7.06,"19,884,952","270,168,633",.,7.36,,,,,,
1993,8,Final,"8,925,408","102,191,754",.,8.73,"6,162,449","76,942,364",.,8.01,"4,444,968","86,224,197",.,5.16,.,.,.,.,"593,415","8,464,618",.,7.01,"20,126,243","273,822,926",.,7.35,,,,,,
1993,9,Final,"7,818,066","88,905,699",.,8.79,"5,814,937","72,039,119",.,8.07,"4,264,076","83,257,430",.,5.12,.,.,.,.,"600,671","8,422,726",.,7.13,"18,497,754","252,624,982",.,7.32,,,,,,
1993,10,Final,"6,286,560","71,786,478",.,8.76,"5,315,302","65,591,621",.,8.10,"4,150,313","82,821,581",.,5.01,.,.,.,.,"596,386","8,183,531",.,7.29,"16,348,565","228,383,214",.,7.16,,,,,,
1993,11,Final,"5,969,679","72,725,759",.,8.21,"4,727,691","61,349,756",.,7.71,"3,800,044","81,102,990",.,4.69,.,.,.,.,"536,570","7,706,147",.,6.96,"15,033,986","222,884,652",.,6.75,,,,,,
1993,12,Final,"6,928,652","87,694,328",.,7.90,"4,795,779","64,625,647",.,7.42,"3,797,090","80,988,668",.,4.69,.,.,.,.,"517,136","7,959,844",.,6.50,"16,038,653","241,268,485",.,6.65,,,,,,
1994,1,Final,"8,034,088","103,824,773",.,7.74,"4,954,490","67,333,719",.,7.36,"3,768,627","80,503,402",.,4.68,.,.,.,.,"539,117","8,249,583",.,6.54,"17,296,327","259,911,474",.,6.65,,,,,,
1994,2,Final,"7,037,001","89,682,978",.,7.85,"4,733,565","63,278,100",.,7.48,"3,677,233","77,962,430",.,4.72,.,.,.,.,"526,855","7,945,565",.,6.63,"15,974,657","238,869,073",.,6.69,,,,,,
1994,3,Final,"6,455,611","79,883,397",.,8.08,"4,716,105","63,199,101",.,7.46,"3,763,436","80,696,511",.,4.66,.,.,.,.,"533,287","7,875,907",.,6.77,"15,468,445","231,654,914",.,6.68,,,,,,
1994,4,Final,"5,766,298","69,492,472",.,8.30,"4,632,879","62,181,767",.,7.45,"3,766,882","80,770,453",.,4.66,.,.,.,.,"506,897","7,587,659",.,6.68,"14,672,949","220,032,349",.,6.67,,,,,,
1994,5,Final,"5,727,649","67,156,660",.,8.53,"4,888,241","63,633,581",.,7.68,"3,953,584","83,624,504",.,4.73,.,.,.,.,"526,710","7,573,714",.,6.95,"15,096,183","221,988,465",.,6.80,,,,,,
1994,6,Final,"7,375,490","84,094,554",.,8.77,"5,842,254","73,323,437",.,7.97,"4,288,566","86,860,093",.,4.94,.,.,.,.,"592,723","8,441,748",.,7.02,"18,099,033","252,719,831",.,7.16,,,,,,
1994,7,Final,"9,117,275","103,618,549",.,8.80,"6,340,852","78,742,552",.,8.05,"4,389,666","86,841,762",.,5.05,.,.,.,.,"612,856","8,754,708",.,7.00,"20,460,655","277,957,564",.,7.36,,,,,,
1994,8,Final,"8,557,260","96,751,342",.,8.84,"6,273,197","77,672,076",.,8.08,"4,424,597","89,750,324",.,4.93,.,.,.,.,"603,072","8,665,201",.,6.96,"19,858,129","272,838,941",.,7.28,,,,,,
1994,9,Final,"7,530,488","85,350,828",.,8.82,"6,002,351","73,477,263",.,8.17,"4,315,112","87,598,244",.,4.93,.,.,.,.,"612,324","8,422,843",.,7.27,"18,460,274","254,849,176",.,7.24,,,,,,
1994,10,Final,"6,138,189","71,685,160",.,8.56,"5,353,346","67,556,439",.,7.92,"4,069,689","86,332,954",.,4.71,.,.,.,.,"567,358","8,233,527",.,6.89,"16,128,581","233,808,080",.,6.90,,,,,,
1994,11,Final,"5,890,014","71,073,494",.,8.29,"4,782,527","63,708,533",.,7.51,"3,850,200","83,898,276",.,4.59,.,.,.,.,"531,172","7,944,003",.,6.69,"15,053,922","226,624,312",.,6.64,,,,,,
1994,12,Final,"6,922,948","85,867,486",.,8.06,"4,875,784","66,162,897",.,7.37,"3,801,467","83,142,285",.,4.57,.,.,.,.,"536,625","8,136,018",.,6.60,"16,136,821","243,308,688",.,6.63,,,,,,
1995,1,Final,"7,581,252","96,552,600",.,7.85,"5,051,436","68,984,247",.,7.32,"3,675,631","81,828,369",.,4.49,.,.,.,.,"527,710","7,914,585",.,6.67,"16,836,030","255,279,801",.,6.60,,,,,,
1995,2,Final,"6,942,240","86,678,934",.,8.01,"4,899,205","65,476,209",.,7.48,"3,617,765","79,284,045",.,4.56,.,.,.,.,"517,247","7,640,863",.,6.77,"15,976,458","239,080,051",.,6.68,,,,,,
1995,3,Final,"6,467,944","79,464,735",.,8.14,"4,990,947","66,351,106",.,7.52,"3,763,009","82,930,556",.,4.54,.,.,.,.,"521,210","7,661,466",.,6.80,"15,743,111","236,407,863",.,6.66,,,,,,
1995,4,Final,"5,769,008","68,584,474",.,8.41,"4,793,564","64,020,748",.,7.49,"3,703,526","81,944,647",.,4.52,.,.,.,.,"489,406","7,349,003",.,6.66,"14,755,505","221,898,872",.,6.65,,,,,,
1995,5,Final,"5,980,633","70,102,383",.,8.53,"5,119,242","66,937,350",.,7.65,"3,870,597","85,146,235",.,4.55,.,.,.,.,"518,480","7,438,232",.,6.97,"15,488,953","229,624,199",.,6.75,,,,,,
1995,6,Final,"7,347,050","84,229,052",.,8.72,"5,982,162","75,083,971",.,7.97,"4,211,843","87,618,813",.,4.81,.,.,.,.,"572,028","8,017,889",.,7.13,"18,113,083","254,949,724",.,7.10,,,,,,
1995,7,Final,"9,156,463","104,022,361",.,8.80,"6,670,658","82,632,803",.,8.07,"4,270,034","86,624,719",.,4.93,.,.,.,.,"593,781","8,332,880",.,7.13,"20,690,936","281,612,763",.,7.35,,,,,,
1995,8,Final,"10,089,618","114,889,114",.,8.78,"6,784,321","85,204,280",.,7.96,"4,474,569","90,143,932",.,4.96,.,.,.,.,"601,231","8,601,510",.,6.99,"21,949,740","298,838,838",.,7.35,,,,,,
1995,9,Final,"8,050,639","93,908,245",.,8.57,"6,072,753","77,302,062",.,7.86,"4,107,919","86,061,329",.,4.77,.,.,.,.,"597,034","8,677,828",.,6.88,"18,828,345","265,949,465",.,7.08,,,,,,
1995,10,Final,"6,465,421","74,749,499",.,8.65,"5,681,691","72,407,809",.,7.85,"4,041,540","85,910,159",.,4.70,.,.,.,.,"567,609","8,071,745",.,7.03,"16,756,262","241,139,211",.,6.95,,,,,,
1995,11,Final,"6,354,167","76,927,182",.,8.26,"5,165,254","68,116,481",.,7.58,"3,738,335","82,724,214",.,4.52,.,.,.,.,"534,539","7,840,960",.,6.82,"15,792,296","235,608,836",.,6.70,,,,,,
1995,12,Final,"7,405,158","92,392,875",.,8.01,"5,153,457","70,167,709",.,7.34,"3,700,703","82,476,334",.,4.49,.,.,.,.,"526,878","7,860,035",.,6.70,"16,786,197","252,896,952",.,6.64,,,,,,
1996,1,Final,"8,420,516","108,611,243",.,7.75,"5,298,456","72,475,159",.,7.31,"3,710,334","82,927,408",.,4.47,.,.,.,.,"545,601","8,173,364",.,6.68,"17,974,905","272,187,175",.,6.60,,,,,,
1996,2,Final,"7,502,158","96,117,981",.,7.81,"5,135,222","69,511,925",.,7.39,"3,714,448","82,512,166",.,4.50,.,.,.,.,"536,569","7,962,326",.,6.74,"16,888,398","256,104,397",.,6.59,,,,,,
1996,3,Final,"7,034,439","87,036,513",.,8.08,"5,168,571","69,336,112",.,7.45,"3,808,841","84,864,455",.,4.49,.,.,.,.,"532,353","7,792,934",.,6.83,"16,544,205","249,030,012",.,6.64,,,,,,
1996,4,Final,"6,147,888","74,616,352",.,8.24,"4,935,570","65,966,982",.,7.48,"3,667,596","82,159,617",.,4.46,.,.,.,.,"512,766","7,602,042",.,6.75,"15,263,820","230,344,994",.,6.63,,,,,,
1996,5,Final,"6,362,441","74,546,420",.,8.53,"5,381,271","70,605,835",.,7.62,"3,929,077","86,637,815",.,4.54,.,.,.,.,"550,669","7,852,339",.,7.01,"16,223,459","239,642,409",.,6.77,,,,,,
1996,6,Final,"7,869,643","90,953,853",.,8.65,"6,038,873","78,298,115",.,7.71,"4,190,105","88,523,111",.,4.73,.,.,.,.,"596,176","8,220,301",.,7.25,"18,694,797","265,995,380",.,7.03,,,,,,
1996,7,Final,"9,273,522","106,127,815",.,8.74,"6,591,030","82,838,434",.,7.96,"4,320,239","88,625,653",.,4.87,.,.,.,.,"595,775","8,394,965",.,7.10,"20,780,566","285,986,869",.,7.27,,,,,,
1996,8,Final,"9,359,694","105,560,260",.,8.87,"6,786,287","84,912,633",.,7.99,"4,389,806","90,813,102",.,4.83,.,.,.,.,"609,443","8,606,687",.,7.08,"21,145,230","289,892,682",.,7.29,,,,,,
1996,9,Final,"8,054,464","91,597,559",.,8.79,"6,298,511","79,066,550",.,7.97,"4,221,336","88,383,723",.,4.78,.,.,.,.,"614,343","8,873,564",.,6.92,"19,188,653","267,921,396",.,7.16,,,,,,
1996,10,Final,"6,538,565","75,385,584",.,8.67,"5,737,087","73,106,296",.,7.85,"4,084,000","88,608,161",.,4.61,.,.,.,.,"577,211","8,116,353",.,7.11,"16,936,863","245,216,393",.,6.91,,,,,,
1996,11,Final,"6,451,761","78,242,218",.,8.25,"5,227,529","69,552,921",.,7.52,"3,795,259","85,140,126",.,4.46,.,.,.,.,"536,110","7,885,084",.,6.80,"16,010,661","240,820,348",.,6.65,,,,,,
1996,12,Final,"7,487,852","93,715,950",.,7.99,"5,229,807","71,774,207",.,7.29,"3,705,037","84,436,053",.,4.39,.,.,.,.,"534,332","8,058,766",.,6.63,"16,957,027","257,984,977",.,6.57,,,,,,
1997,1,Final,"8,351,041","106,166,352",.,7.87,"5,566,794","76,632,794",.,7.26,"3,701,045","83,977,545",.,4.41,.,.,.,.,"584,180","8,571,590",.,6.82,"18,203,060","275,348,279",.,6.61,,,,,,
1997,2,Final,"7,202,164","90,264,759",.,7.98,"5,214,845","70,620,727",.,7.38,"3,601,964","81,755,663",.,4.41,.,.,.,.,"554,101","8,226,078",.,6.74,"16,573,074","250,867,230",.,6.61,,,,,,
1997,3,Final,"6,709,371","81,426,550",.,8.24,"5,281,122","70,890,399",.,7.45,"3,668,022","83,246,686",.,4.41,.,.,.,.,"553,941","7,931,959",.,6.98,"16,212,454","243,495,595",.,6.66,,,,,,
1997,4,Final,"6,095,060","72,745,622",.,8.38,"5,163,002","69,742,188",.,7.40,"3,648,013","84,358,256",.,4.32,.,.,.,.,"545,887","7,961,866",.,6.86,"15,451,960","234,807,931",.,6.58,,,,,,
1997,5,Final,"6,124,668","70,778,999",.,8.65,"5,409,571","71,362,258",.,7.58,"3,797,873","86,581,090",.,4.39,.,.,.,.,"561,999","8,022,999",.,7.00,"15,894,109","236,745,346",.,6.71,,,,,,
1997,6,Final,"7,449,404","83,568,904",.,8.91,"6,303,887","79,995,751",.,7.88,"4,121,328","89,361,154",.,4.61,.,.,.,.,"612,211","8,597,598",.,7.12,"18,486,830","261,523,406",.,7.07,,,,,,
1997,7,Final,"9,558,178","109,342,525",.,8.74,"7,006,108","89,213,824",.,7.85,"4,275,305","88,660,363",.,4.82,.,.,.,.,"623,474","9,133,441",.,6.83,"21,463,068","296,350,153",.,7.24,,,,,,
1997,8,Final,"9,410,294","106,961,650",.,8.80,"6,864,632","86,710,864",.,7.92,"4,358,887","91,417,054",.,4.77,.,.,.,.,"642,665","9,028,528",.,7.12,"21,276,477","294,118,094",.,7.23,,,,,,
1997,9,Final,"8,292,098","94,772,742",.,8.75,"6,625,479","84,415,324",.,7.85,"4,275,211","90,213,565",.,4.74,.,.,.,.,"653,629","9,269,869",.,7.05,"19,846,416","278,671,500",.,7.12,,,,,,
1997,10,Final,"7,221,499","84,076,576",.,8.59,"6,164,044","80,467,437",.,7.66,"4,106,890","89,020,922",.,4.61,.,.,.,.,"631,624","9,148,465",.,6.90,"18,124,056","262,713,399",.,6.90,,,,,,
1997,11,Final,"6,598,046","80,004,670",.,8.25,"5,410,799","72,913,367",.,7.42,"3,795,359","85,323,420",.,4.45,.,.,.,.,"577,437","8,559,466",.,6.75,"16,381,638","246,800,921",.,6.64,,,,,,
1997,12,Final,"7,692,126","95,770,748",.,8.03,"5,486,524","75,667,848",.,7.25,"3,673,587","84,281,165",.,4.36,.,.,.,.,"568,951","8,448,816",.,6.73,"17,421,186","264,168,576",.,6.59,,,,,,
1998,1,Final,"8,072,725","102,549,076",.,7.87,"5,554,757","76,938,373",.,7.22,"3,618,110","82,892,968",.,4.36,.,.,.,.,"544,576","8,593,825",.,6.34,"17,790,169","270,974,243",.,6.57,,,,,,
1998,2,Final,"6,901,888","86,554,306",.,7.97,"5,240,677","71,976,732",.,7.28,"3,575,857","82,936,081",.,4.31,.,.,.,.,"513,638","7,683,638",.,6.68,"16,232,063","249,150,760",.,6.51,,,,,,
1998,3,Final,"6,885,324","85,964,291",.,8.01,"5,422,116","74,519,024",.,7.28,"3,676,444","84,892,440",.,4.33,.,.,.,.,"548,059","8,218,738",.,6.67,"16,531,942","253,594,497",.,6.52,,,,,,
1998,4,Final,"6,103,365","74,143,625",.,8.23,"5,312,194","72,774,509",.,7.30,"3,639,605","84,627,269",.,4.30,.,.,.,.,"525,686","7,871,600",.,6.68,"15,580,849","239,417,004",.,6.51,,,,,,
1998,5,Final,"6,576,442","77,482,558",.,8.49,"5,815,076","77,978,152",.,7.46,"3,952,027","89,725,340",.,4.40,.,.,.,.,"556,027","8,318,324",.,6.68,"16,899,572","253,504,374",.,6.67,,,,,,
1998,6,Final,"8,396,931","98,488,751",.,8.53,"6,598,410","86,749,977",.,7.61,"4,181,767","90,154,129",.,4.64,.,.,.,.,"599,849","8,781,552",.,6.83,"19,776,954","284,174,410",.,6.96,,,,,,
1998,7,Final,"10,431,257","121,537,673",.,8.58,"7,241,439","94,177,324",.,7.69,"4,318,587","89,105,909",.,4.85,.,.,.,.,"608,709","8,884,777",.,6.85,"22,599,991","313,705,685",.,7.20,,,,,,
1998,8,Final,"10,310,908","120,330,518",.,8.57,"7,334,725","95,579,309",.,7.67,"4,477,518","93,665,938",.,4.78,.,.,.,.,"628,842","9,383,918",.,6.70,"22,751,995","318,959,687",.,7.13,,,,,,
1998,9,Final,"8,996,130","106,674,490",.,8.43,"6,880,682","91,109,150",.,7.55,"4,150,624","89,769,875",.,4.62,.,.,.,.,"640,441","9,728,533",.,6.58,"20,667,874","297,282,048",.,6.95,,,,,,
1998,10,Final,"7,161,484","86,804,459",.,8.25,"6,140,985","82,469,530",.,7.45,"3,907,992","88,298,040",.,4.43,.,.,.,.,"594,035","8,797,701",.,6.75,"17,804,495","266,369,730",.,6.68,,,,,,
1998,11,Final,"6,186,834","76,952,198",.,8.04,"5,443,762","76,487,961",.,7.12,"3,787,031","87,552,779",.,4.33,.,.,.,.,"538,755","8,826,898",.,6.10,"15,956,379","249,819,837",.,6.39,,,,,,
1998,12,Final,"7,336,846","92,627,166",.,7.92,"5,589,873","78,640,878",.,7.11,"3,764,320","87,582,342",.,4.30,.,.,.,.,"564,833","8,428,090",.,6.70,"17,255,872","267,278,474",.,6.46,,,,,,
1999,1,Final,"8,427,043","111,200,901",.,7.58,"5,646,234","80,567,134",.,7.01,"3,566,714","83,476,988",.,4.27,.,.,.,.,"545,299","8,590,164",.,6.35,"18,185,291","283,835,187",.,6.41,,,,,,
1999,2,Final,"6,867,579","86,663,612",.,7.92,"5,379,887","74,725,795",.,7.20,"3,521,174","81,579,240",.,4.32,.,.,.,.,"514,374","8,333,064",.,6.17,"16,283,014","251,301,711",.,6.48,,,,,,
1999,3,Final,"7,065,770","89,422,998",.,7.90,"5,510,381","76,977,722",.,7.16,"3,601,264","85,863,415",.,4.19,.,.,.,.,"539,982","8,543,185",.,6.32,"16,717,397","260,807,320",.,6.41,,,,,,
1999,4,Final,"6,249,502","77,260,719",.,8.09,"5,352,057","75,535,674",.,7.09,"3,639,532","85,781,196",.,4.24,.,.,.,.,"520,876","8,241,575",.,6.32,"15,761,965","246,819,164",.,6.39,,,,,,
1999,5,Final,"6,383,351","77,151,672",.,8.27,"5,688,101","78,982,351",.,7.20,"3,857,995","89,695,883",.,4.30,.,.,.,.,"553,880","8,663,648",.,6.39,"16,483,334","254,493,554",.,6.48,,,,,,
1999,6,Final,"8,083,936","95,941,316",.,8.43,"6,560,066","88,565,453",.,7.41,"4,129,503","90,992,418",.,4.54,.,.,.,.,"583,192","9,036,690",.,6.45,"19,356,701","284,535,877",.,6.80,,,,,,
1999,7,Final,"10,458,298","123,146,398",.,8.49,"7,426,092","98,308,207",.,7.55,"4,463,398","92,681,725",.,4.82,.,.,.,.,"641,976","9,953,069",.,6.45,"22,989,766","324,089,399",.,7.09,,,,,,
1999,8,Final,"10,444,721","124,030,419",.,8.42,"7,221,553","96,723,635",.,7.47,"4,520,751","92,763,790",.,4.87,.,.,.,.,"609,536","9,461,659",.,6.44,"22,796,561","322,979,503",.,7.06,,,,,,
1999,9,Final,"8,699,562","104,115,852",.,8.36,"6,731,389","90,413,865",.,7.45,"4,127,631","90,670,377",.,4.55,.,.,.,.,"616,544","9,653,069",.,6.39,"20,175,135","294,853,163",.,6.84,,,,,,
1999,10,Final,"6,905,183","82,598,793",.,8.36,"6,204,544","83,649,689",.,7.42,"4,022,582","89,846,268",.,4.48,.,.,.,.,"598,416","9,226,308",.,6.49,"17,730,725","265,321,058",.,6.68,,,,,,
1999,11,Final,"6,343,291","78,263,892",.,8.11,"5,492,787","76,871,486",.,7.15,"3,778,591","88,532,569",.,4.27,.,.,.,.,"541,877","8,793,661",.,6.16,"16,156,547","252,461,608",.,6.40,,,,,,
1999,12,Final,"7,554,163","95,126,509",.,7.94,"5,558,236","80,674,709",.,6.89,"3,617,601","86,332,723",.,4.19,.,.,.,.,"529,646","8,455,598",.,6.26,"17,259,651","270,589,539",.,6.38,,,,,,
2000,1,Final,"8,392,174","109,611,122",.,7.66,"5,786,869","83,491,278",.,6.93,"3,701,121","86,063,175",.,4.30,.,.,.,.,"549,789","8,888,053",.,6.19,"18,429,954","288,053,623",.,6.40,,,,,,
2000,2,Final,"7,600,183","98,561,597",.,7.71,"5,596,219","80,279,025",.,6.97,"3,656,910","84,687,036",.,4.32,.,.,.,.,"554,777","8,619,396",.,6.44,"17,408,086","272,147,050",.,6.40,,,,,,
2000,3,Final,"6,853,914","84,624,330",.,8.10,"5,692,775","80,707,484",.,7.05,"3,811,862","88,471,366",.,4.31,.,.,.,.,"546,541","8,479,541",.,6.45,"16,905,080","262,282,721",.,6.45,,,,,,
2000,4,Final,"6,218,678","76,197,378",.,8.16,"5,521,241","78,184,548",.,7.06,"3,734,138","86,472,622",.,4.32,.,.,.,.,"547,018","8,121,472",.,6.74,"16,021,080","248,976,033",.,6.43,,,,,,
2000,5,Final,"6,956,648","83,336,096",.,8.35,"6,255,615","86,331,128",.,7.25,"4,084,879","90,479,644",.,4.51,.,.,.,.,"576,277","8,957,857",.,6.43,"17,873,422","269,104,723",.,6.64,,,,,,
2000,6,Final,"8,896,498","103,985,607",.,8.56,"7,257,610","94,330,276",.,7.69,"4,377,832","92,075,434",.,4.75,.,.,.,.,"629,754","9,337,150",.,6.74,"21,161,690","299,728,477",.,7.06,,,,,,
2000,7,Final,"10,276,112","119,464,453",.,8.60,"7,655,190","98,616,288",.,7.76,"4,447,530","89,825,402",.,4.95,.,.,.,.,"647,438","9,725,901",.,6.66,"23,026,272","317,632,041",.,7.25,,,,,,
2000,8,Final,"10,666,199","123,700,339",.,8.62,"8,116,698","102,571,553",.,7.91,"4,786,391","94,233,362",.,5.08,.,.,.,.,"680,031","10,202,533",.,6.67,"24,249,315","330,707,792",.,7.33,,,,,,
2000,9,Final,"9,228,178","108,530,749",.,8.50,"7,295,985","94,509,771",.,7.72,"4,387,273","90,559,692",.,4.84,.,.,.,.,"677,900","10,108,193",.,6.71,"21,589,337","303,708,406",.,7.11,,,,,,
2000,10,Final,"7,372,335","86,811,220",.,8.49,"6,694,035","87,341,050",.,7.66,"4,242,763","89,379,608",.,4.75,.,.,.,.,"615,751","9,250,999",.,6.66,"18,924,877","272,782,879",.,6.94,,,,,,
2000,11,Final,"6,895,352","84,482,232",.,8.16,"6,085,308","83,026,401",.,7.33,"4,021,533","87,706,357",.,4.59,.,.,.,.,"569,355","8,892,733",.,6.40,"17,571,551","264,107,725",.,6.65,,,,,,
2000,12,Final,"8,853,120","113,141,368",.,7.82,"6,447,785","85,843,277",.,7.51,"4,117,263","84,285,693",.,4.88,.,.,.,.,"584,571","8,912,455",.,6.56,"20,002,733","292,182,786",.,6.85,,,,,,
2001,1,Final,"9,826,812","127,065,784",.,7.73,"6,587,078","90,825,275",.,7.25,"3,951,606","83,477,361",.,4.73,.,.,.,.,"612,642","9,447,653",.,6.48,"20,978,135","310,816,071",.,6.75,,,,,,
2001,2,Final,"8,029,637","99,877,669",.,8.04,"6,118,502","81,466,859",.,7.51,"3,945,195","82,248,230",.,4.80,.,.,.,.,"606,794","8,741,976",.,6.94,"18,700,123","272,334,738",.,6.87,,,,,,
2001,3,Final,"7,721,426","92,804,586",.,8.32,"6,470,068","84,064,252",.,7.70,"4,060,687","83,521,518",.,4.86,.,.,.,.,"628,056","8,908,051",.,7.05,"18,880,238","269,298,398",.,7.01,,,,,,
2001,4,Final,"6,973,546","82,453,781",.,8.46,"6,269,103","81,060,536",.,7.73,"4,005,834","82,253,076",.,4.87,.,.,.,.,"607,329","8,623,539",.,7.04,"17,855,815","254,390,935",.,7.02,,,,,,
2001,5,Final,"7,216,658","81,731,154",.,8.83,"6,793,817","87,470,747",.,7.77,"4,303,469","86,096,583",.,5.00,.,.,.,.,"655,986","9,192,015",.,7.14,"18,969,930","264,490,491",.,7.17,,,,,,
2001,6,Final,"9,013,944","99,407,293",.,9.07,"7,778,699","95,658,292",.,8.13,"4,457,832","85,268,863",.,5.23,.,.,.,.,"726,424","9,673,691",.,7.51,"21,976,897","290,008,139",.,7.58,,,,,,
2001,7,Final,"10,901,212","120,707,430",.,9.03,"8,592,239","102,156,275",.,8.41,"4,631,072","83,175,561",.,5.57,.,.,.,.,"751,796","9,758,789",.,7.70,"24,876,324","315,798,058",.,7.88,,,,,,
2001,8,Final,"11,645,418","129,205,363",.,9.01,"8,815,947","105,621,937",.,8.35,"4,774,556","86,797,436",.,5.50,.,.,.,.,"801,451","10,567,920",.,7.58,"26,037,368","332,192,653",.,7.84,,,,,,
2001,9,Final,"9,453,714","105,943,194",.,8.92,"7,948,811","96,704,451",.,8.22,"4,391,779","82,631,495",.,5.31,.,.,.,.,"769,447","10,646,111",.,7.23,"22,563,738","295,925,256",.,7.62,,,,,,
2001,10,Final,"7,553,901","85,419,586",.,8.84,"7,387,930","89,377,688",.,8.27,"4,214,665","83,144,744",.,5.07,.,.,.,.,"722,857","9,616,769",.,7.52,"19,879,347","267,558,797",.,7.43,,,,,,
2001,11,Final,"6,847,694","80,806,698",.,8.47,"6,437,125","83,226,304",.,7.73,"3,823,517","79,913,683",.,4.78,.,.,.,.,"645,530","9,086,987",.,7.10,"17,753,864","253,033,661",.,7.02,,,,,,
2001,12,Final,"7,973,907","96,184,056",.,8.29,"6,542,166","85,435,922",.,7.66,"3,732,731","78,080,761",.,4.78,.,.,.,.,"622,515","8,910,179",.,6.99,"18,871,322","268,610,910",.,7.03,,,,,,
2002,1,Final,"9,428,627","116,891,802",.,8.07,"6,547,334","87,428,641",.,7.49,"3,699,810","78,240,283",.,4.73,.,.,.,.,"541,528","8,406,763",.,6.44,"20,217,301","290,967,482",.,6.95,,,,,,
2002,2,Final,"7,907,248","96,592,935",.,8.19,"6,215,523","80,951,199",.,7.68,"3,718,378","78,059,430",.,4.76,.,.,.,.,"542,203","8,124,703",.,6.67,"18,383,344","263,728,267",.,6.97,,,,,,
2002,3,Final,"7,785,076","95,318,666",.,8.17,"6,451,130","83,544,915",.,7.72,"3,807,452","80,461,220",.,4.73,.,.,.,.,"540,012","8,135,002",.,6.64,"18,583,675","267,459,801",.,6.95,,,,,,
2002,4,Final,"7,151,002","85,407,608",.,8.37,"6,421,238","83,618,998",.,7.68,"3,816,768","80,750,456",.,4.73,.,.,.,.,"550,611","8,169,314",.,6.74,"17,939,619","257,946,375",.,6.95,,,,,,
2002,5,Final,"7,544,588","87,318,536",.,8.64,"6,978,707","88,974,189",.,7.84,"4,038,021","84,459,898",.,4.78,.,.,.,.,"583,080","8,570,668",.,6.80,"19,144,397","269,323,296",.,7.11,,,,,,
2002,6,Final,"9,359,467","107,169,994",.,8.73,"7,841,975","95,903,301",.,8.18,"4,248,348","84,386,746",.,5.03,.,.,.,.,"626,921","9,009,734",.,6.96,"22,076,710","296,469,771",.,7.45,,,,,,
2002,7,Final,"11,790,051","133,694,801",.,8.82,"8,831,098","105,985,519",.,8.33,"4,643,631","88,122,968",.,5.27,.,.,.,.,"648,027","9,481,384",.,6.83,"25,912,799","337,284,675",.,7.68,,,,,,
2002,8,Final,"11,709,784","134,332,469",.,8.72,"8,721,987","105,819,307",.,8.24,"4,543,523","88,264,599",.,5.15,.,.,.,.,"657,971","9,698,142",.,6.78,"25,633,264","338,114,517",.,7.58,,,,,,
2002,9,Final,"9,949,057","115,833,032",.,8.59,"8,067,402","100,808,795",.,8.00,"4,199,489","84,346,268",.,4.98,.,.,.,.,"640,207","9,509,786",.,6.73,"22,856,159","310,497,884",.,7.36,,,,,,
2002,10,Final,"8,002,931","94,531,344",.,8.47,"7,704,481","96,312,650",.,8.00,"4,119,811","83,984,287",.,4.91,.,.,.,.,"631,394","9,349,686",.,6.75,"20,458,615","284,177,961",.,7.20,,,,,,
2002,11,Final,"7,378,042","88,822,306",.,8.31,"6,576,547","86,095,432",.,7.64,"3,751,399","79,705,586",.,4.71,.,.,.,.,"560,596","8,410,269",.,6.67,"18,266,583","263,033,588",.,6.94,,,,,,
2002,12,Final,"8,827,694","109,266,377",.,8.08,"6,759,954","89,053,648",.,7.59,"3,749,235","79,455,903",.,4.72,.,.,.,.,"601,162","8,686,467",.,6.92,"19,938,044","286,462,394",.,6.96,,,,,,
2003,1,Final,"9,945,573","124,272,787",.,8.00,"7,345,355","98,557,468",.,7.45,"3,972,813","80,828,130",.,4.92,"43,665","604,212",.,7.23,.,.,.,.,"21,307,406","304,262,606",.,7.00,,,,,,
2003,2,Final,"8,896,589","110,937,374",.,8.02,"6,981,200","91,238,922",.,7.65,"3,966,111","79,516,569",.,4.99,"40,541","546,719",.,7.42,.,.,.,.,"19,884,437","282,239,574",.,7.05,,,,,,
2003,3,Final,"8,312,085","99,561,314",.,8.35,"7,204,919","92,579,673",.,7.78,"4,105,728","81,758,335",.,5.02,"41,998","574,103",.,7.32,.,.,.,.,"19,664,728","274,473,419",.,7.16,,,,,,
2003,4,Final,"7,357,358","83,448,247",.,8.82,"7,115,034","89,684,694",.,7.93,"4,144,535","83,057,621",.,4.99,"39,547","519,430",.,7.61,.,.,.,.,"18,656,478","256,709,986",.,7.27,,,,,,
2003,5,Final,"7,897,363","87,804,372",.,8.99,"7,719,731","95,818,831",.,8.06,"4,281,613","84,619,167",.,5.06,"41,302","545,722",.,7.57,.,.,.,.,"19,940,008","268,788,091",.,7.42,,,,,,
2003,6,Final,"9,370,511","101,285,789",.,9.25,"8,646,363","102,407,246",.,8.44,"4,549,044","86,209,835",.,5.28,"42,403","547,012",.,7.75,.,.,.,.,"22,608,321","290,449,882",.,7.78,,,,,,
2003,7,Final,"12,032,831","130,673,856",.,9.21,"9,852,921","115,232,919",.,8.55,"4,856,831","87,732,303",.,5.54,"45,621","569,614",.,8.01,.,.,.,.,"26,788,213","334,208,698",.,8.02,,,,,,
2003,8,Final,"12,394,641","134,467,800",.,9.22,"9,831,243","116,224,461",.,8.46,"4,959,335","90,536,242",.,5.48,"46,306","590,777",.,7.84,.,.,.,.,"27,231,524","341,819,281",.,7.97,,,,,,
2003,9,Final,"10,153,150","113,848,981",.,8.92,"8,674,611","106,472,704",.,8.15,"4,450,574","85,681,990",.,5.19,"44,877","586,231",.,7.66,.,.,.,.,"23,323,215","306,589,907",.,7.61,,,,,,
2003,10,Final,"7,942,396","89,780,862",.,8.85,"8,091,924","100,036,266",.,8.09,"4,405,969","86,981,712",.,5.07,"44,369","581,381",.,7.63,.,.,.,.,"20,484,652","277,380,212",.,7.39,,,,,,
2003,11,Final,"7,558,533","86,658,680",.,8.72,"7,267,375","92,604,742",.,7.85,"4,043,155","83,163,830",.,4.86,"39,773","549,448",.,7.24,.,.,.,.,"18,908,839","262,976,701",.,7.19,,,,,,
2003,12,Final,"9,387,899","113,083,852",.,8.30,"7,532,713","97,869,688",.,7.70,"4,005,223","82,287,520",.,4.87,"43,195","595,091",.,7.26,.,.,.,.,"20,969,033","293,836,141",.,7.14,,,,,,
2004,1,Final,"10,472,997","127,121,384",.,8.24,"7,649,418","99,281,101",.,7.70,"4,048,249","80,823,038",.,5.01,"41,745","630,940",.,6.62,.,.,.,.,"22,212,410","307,856,466",.,7.22,,,,,,
2004,2,Final,"9,362,929","112,464,058",.,8.33,"7,351,811","93,677,467",.,7.85,"4,018,566","79,667,524",.,5.04,"44,489","624,308",.,7.13,.,.,.,.,"20,777,799","286,433,350",.,7.25,,,,,,
2004,3,Final,"8,524,783","98,947,208",.,8.62,"7,552,246","95,330,881",.,7.92,"4,199,482","83,327,527",.,5.04,"38,585","575,944",.,6.70,.,.,.,.,"20,315,092","278,181,556",.,7.30,,,,,,
2004,4,Final,"7,628,046","85,376,867",.,8.93,"7,382,300","93,531,825",.,7.89,"4,245,595","83,369,264",.,5.09,"41,006","573,038",.,7.16,.,.,.,.,"19,296,948","262,850,989",.,7.34,,,,,,
2004,5,Final,"8,214,790","90,598,212",.,9.07,"8,065,057","100,879,283",.,7.99,"4,503,324","86,988,353",.,5.18,"37,939","569,974",.,6.66,.,.,.,.,"20,821,115","279,035,825",.,7.46,,,,,,
2004,6,Final,"10,440,532","112,335,130",.,9.29,"9,175,713","108,122,259",.,8.49,"4,733,300","86,732,250",.,5.46,"42,441","582,718",.,7.28,.,.,.,.,"24,391,982","307,772,359",.,7.93,,,,,,
2004,7,Final,"12,100,201","129,305,351",.,9.36,"9,966,907","115,495,422",.,8.63,"4,978,217","88,479,443",.,5.63,"49,140","626,830",.,7.84,.,.,.,.,"27,094,463","333,907,040",.,8.11,,,,,,
2004,8,Final,"12,012,403","126,423,339",.,9.50,"9,953,051","114,452,496",.,8.70,"5,050,392","89,440,280",.,5.65,"47,354","610,414",.,7.76,.,.,.,.,"27,063,200","330,926,529",.,8.18,,,,,,
2004,9,Final,"10,545,117","112,337,694",.,9.39,"9,357,067","109,595,296",.,8.54,"4,650,138","86,018,955",.,5.41,"45,523","613,889",.,7.42,.,.,.,.,"24,597,837","308,565,835",.,7.97,,,,,,
2004,10,Final,"8,463,291","93,466,170",.,9.05,"8,419,418","102,325,837",.,8.23,"4,478,904","85,345,791",.,5.25,"43,833","598,929",.,7.32,.,.,.,.,"21,405,437","281,736,723",.,7.60,,,,,,
2004,11,Final,"8,037,046","89,649,741",.,8.96,"7,699,346","95,752,667",.,8.04,"4,282,407","84,190,553",.,5.09,"40,734","569,972",.,7.15,.,.,.,.,"20,059,532","270,162,928",.,7.42,,,,,,
2004,12,Final,"9,775,013","113,956,434",.,8.58,"7,927,551","101,262,279",.,7.83,"4,288,303","83,446,227",.,5.14,"46,021","646,693",.,7.12,.,.,.,.,"22,083,402","300,049,879",.,7.36,,,,,,
2005,1,Final,"10,671,906","125,287,859",.,8.52,"8,003,327","100,091,819",.,8.00,"4,301,424","82,229,588",.,5.23,"54,381","687,150",.,7.91,.,.,.,.,"23,087,884","309,078,810",.,7.47,,,,,,
2005,2,Final,"9,341,215","106,666,913",.,8.76,"7,569,373","92,550,595",.,8.18,"4,146,842","78,914,808",.,5.25,"53,352","655,229",.,8.14,.,.,.,.,"21,179,288","279,513,820",.,7.58,,,,,,
2005,3,Final,"9,235,419","104,065,205",.,8.87,"7,994,382","98,071,549",.,8.15,"4,406,257","83,160,586",.,5.30,"49,486","617,550",.,8.01,.,.,.,.,"21,756,586","286,791,121",.,7.59,,,,,,
2005,4,Final,"8,001,763","86,749,161",.,9.22,"7,728,885","93,760,273",.,8.24,"4,368,663","82,366,601",.,5.30,"48,970","589,982",.,8.30,.,.,.,.,"20,210,579","264,167,936",.,7.65,,,,,,
2005,5,Final,"8,350,401","87,384,114",.,9.56,"8,330,515","99,159,493",.,8.40,"4,651,922","85,827,962",.,5.42,"46,309","562,383",.,8.23,.,.,.,.,"21,434,108","273,500,251",.,7.84,,,,,,
2005,6,Final,"11,416,928","116,627,439",.,9.79,"10,066,914","113,257,758",.,8.89,"5,153,894","88,008,008",.,5.86,"52,666","619,788",.,8.50,.,.,.,.,"26,772,172","319,380,926",.,8.38,,,,,,
2005,7,Final,"14,110,295","144,476,337",.,9.77,"10,891,503","121,083,412",.,9.00,"5,419,541","88,358,559",.,6.13,"58,074","615,049",.,9.44,.,.,.,.,"30,576,121","355,514,138",.,8.60,,,,,,
2005,8,Final,"14,586,823","146,904,780",.,9.93,"11,234,227","123,476,651",.,9.10,"5,608,083","90,514,851",.,6.20,"60,764","666,821",.,9.11,.,.,.,.,"31,585,844","362,543,684",.,8.71,,,,,,
2005,9,Final,"12,569,628","126,515,636",.,9.94,"10,612,982","115,675,878",.,9.17,"5,383,271","87,235,636",.,6.17,"58,702","634,829",.,9.25,.,.,.,.,"28,707,918","330,923,384",.,8.68,,,,,,
2005,10,Final,"10,017,956","102,685,880",.,9.76,"9,598,728","107,729,654",.,8.91,"5,176,630","85,836,747",.,6.03,"58,364","609,992",.,9.57,.,.,.,.,"24,923,223","297,626,310",.,8.37,,,,,,
2005,11,Final,"8,948,518","91,686,571",.,9.76,"8,612,876","98,086,095",.,8.78,"4,868,533","83,492,648",.,5.83,"47,820","587,446",.,8.14,.,.,.,.,"22,548,427","274,585,467",.,8.21,,,,,,
2005,12,Final,"11,141,819","120,177,222",.,9.27,"9,029,634","102,839,921",.,8.78,"4,923,993","82,953,634",.,5.94,"54,355","660,109",.,8.23,.,.,.,.,"25,220,661","307,342,674",.,8.21,,,,,,
2006,1,Final,"11,496,254","120,418,842",.,9.55,"9,042,974","101,933,344",.,8.87,"4,734,102","81,864,648",.,5.78,"56,827","649,132",.,8.75,.,.,.,.,"25,330,159","304,865,968",.,8.31,,,,,,
2006,2,Final,"10,242,863","104,511,062",.,9.80,"8,752,527","95,713,186",.,9.14,"4,796,327","80,207,185",.,5.98,"56,441","614,984",.,9.18,.,.,.,.,"23,848,159","281,046,417",.,8.49,,,,,,
2006,3,Final,"10,357,756","104,955,193",.,9.87,"9,164,512","101,115,446",.,9.06,"4,893,309","83,264,008",.,5.88,"57,571","635,616",.,9.06,.,.,.,.,"24,473,152","289,970,263",.,8.44,,,,,,
2006,4,Final,"9,220,067","89,374,095",.,10.32,"8,851,271","96,551,157",.,9.17,"4,847,910","81,696,376",.,5.93,"52,608","586,672",.,8.97,.,.,.,.,"22,971,853","268,208,302",.,8.56,,,,,,
2006,5,Final,"9,973,503","93,999,949",.,10.61,"9,815,635","106,441,982",.,9.22,"5,174,265","86,178,929",.,6.00,"52,671","577,270",.,9.12,.,.,.,.,"25,016,068","287,198,132",.,8.71,,,,,,
2006,6,Final,"12,888,713","118,815,309",.,10.85,"11,434,239","115,785,423",.,9.88,"5,551,678","86,629,847",.,6.41,"59,811","609,315",.,9.82,.,.,.,.,"29,934,447","321,839,887",.,9.30,,,,,,
2006,7,Final,"16,148,466","147,338,330",.,10.96,"12,520,278","125,541,183",.,9.97,"5,879,263","88,879,950",.,6.61,"64,582","627,305",.,10.30,.,.,.,.,"34,612,596","362,386,767",.,9.55,,,,,,
2006,8,Final,"16,410,463","150,064,423",.,10.94,"12,817,563","127,654,719",.,10.04,"6,006,511","90,284,794",.,6.65,"64,239","629,822",.,10.20,.,.,.,.,"35,298,773","368,633,764",.,9.58,,,,,,
2006,9,Final,"12,702,011","116,072,166",.,10.94,"11,299,708","114,230,576",.,9.89,"5,498,475","86,364,068",.,6.37,"62,220","615,296",.,10.11,.,.,.,.,"29,562,415","317,282,103",.,9.32,,,,,,
2006,10,Final,"10,187,085","96,246,212",.,10.58,"10,367,974","109,000,017",.,9.51,"5,260,425","85,337,484",.,6.16,"60,388","602,388",.,10.02,.,.,.,.,"25,875,874","291,186,108",.,8.89,,,,,,
2006,11,Final,"9,654,701","94,842,853",.,10.18,"9,344,194","101,103,663",.,9.24,"4,873,004","80,653,082",.,6.04,"54,718","582,372",.,9.40,.,.,.,.,"23,926,611","277,181,971",.,8.63,,,,,,
2006,12,Final,"11,300,462","114,881,602",.,9.84,"9,503,013","104,672,985",.,9.08,"4,792,442","79,937,198",.,6.00,"59,945","627,378",.,9.55,.,.,.,.,"25,655,858","300,119,160",.,8.55,,,,,,
2007,1,Final,"12,598,800","125,286,236","102,583,586",10.06,"9,732,733","106,667,442","14,186,759",9.12,"5,047,957","82,384,485","585,559",6.13,"68,257","765,596",940,8.92,.,.,.,.,"27,447,745","315,103,761","117,356,844",8.71,,,,,,
2007,2,Final,"12,016,384","121,464,250","101,927,358",9.89,"9,410,169","100,756,425","14,036,610",9.34,"4,828,772","78,391,793","580,814",6.16,"67,410","718,843",940,9.38,.,.,.,.,"26,322,729","301,331,315","116,545,722",8.74,,,,,,
2007,3,Final,"10,854,299","105,694,762","102,941,751",10.27,"9,596,625","102,640,149","14,160,952",9.35,"5,133,531","82,582,470","599,160",6.22,"82,032","742,970",941,11.04,.,.,.,.,"25,666,478","291,660,348","117,702,804",8.80,,,,,,
2007,4,Final,"9,595,248","90,282,045","102,480,481",10.63,"9,479,138","101,051,205","14,108,902",9.38,"5,161,252","83,361,384","590,871",6.19,"60,842","645,872",935,9.42,.,.,.,.,"24,296,481","275,340,506","117,181,189",8.82,,,,,,
2007,5,Final,"10,384,866","96,388,855","102,962,681",10.77,"10,328,391","108,558,889","14,200,046",9.51,"5,468,358","87,241,069","598,266",6.27,"60,185","611,446",933,9.84,.,.,.,.,"26,241,805","292,800,262","117,761,926",8.96,,,,,,
2007,6,Final,"13,018,880","117,417,599","102,686,983",11.09,"11,672,105","117,351,906","14,182,045",9.95,"5,768,550","87,572,066","613,390",6.59,"65,673","665,021",969,9.88,.,.,.,.,"30,525,214","323,006,594","117,483,387",9.45,,,,,,
2007,7,Final,"15,396,270","139,027,031","102,825,564",11.07,"12,568,242","123,923,090","14,202,624",10.14,"5,973,780","89,017,334","614,686",6.71,"71,327","674,865",975,10.57,.,.,.,.,"34,009,619","352,642,315","117,643,849",9.64,,,,,,
2007,8,Final,"16,621,340","150,101,497","103,227,841",11.07,"13,142,723","130,474,681","14,271,275",10.07,"6,296,244","92,115,232","615,173",6.84,"67,194","673,415",972,9.98,.,.,.,.,"36,127,506","373,364,827","118,115,261",9.68,,,,,,
2007,9,Final,"14,189,064","129,512,026","102,803,771",10.96,"11,872,913","119,898,385","14,206,302",9.90,"5,700,221","87,427,615","607,275",6.52,"66,984","686,541",974,9.76,.,.,.,.,"31,829,185","337,524,569","117,618,322",9.43,,,,,,
2007,10,Final,"11,225,631","103,753,920","103,423,402",10.82,"11,181,928","114,481,207","14,304,964",9.77,"5,740,369","88,895,868","597,375",6.46,"62,656","651,651",976,9.61,.,.,.,.,"28,210,587","307,782,653","118,326,717",9.17,,,,,,
2007,11,Final,"10,263,633","95,904,832","102,990,216",10.70,"9,938,387","104,603,264","14,215,231",9.50,"5,348,226","85,118,054","585,613",6.28,"58,954","673,161",974,8.76,.,.,.,.,"25,609,194","286,299,306","117,792,034",8.94,,,,,,
2007,12,Final,"12,130,500","117,407,955","103,092,765",10.33,"9,979,894","105,908,548","14,230,237",9.42,"5,244,672","83,724,550","582,612",6.26,"60,950","663,215",977,9.19,.,.,.,.,"27,416,014","307,704,275","117,906,591",8.91,,,,,,
2008,1,Final,"13,523,938","133,368,439","125,087,168",10.14,"10,243,488","109,061,279","17,571,147",9.39,"5,262,090","83,090,753","753,288",6.33,"66,055","694,100",696,9.52,.,.,.,.,"29,095,574","326,214,573","143,412,299",8.92,,,,,,
2008,2,Final,"12,045,276","118,553,646","124,603,700",10.16,"9,873,349","104,396,859","17,465,070",9.46,"5,165,278","81,484,313","746,771",6.34,"66,421","660,099",701,10.06,.,.,.,.,"27,150,324","305,094,920","142,816,242",8.90,,,,,,
2008,3,Final,"11,198,342","107,162,480","124,880,315",10.45,"9,935,918","103,334,631","17,509,854",9.62,"5,393,055","83,497,979","807,188",6.46,"63,919","630,245",713,10.14,.,.,.,.,"26,591,237","294,625,338","143,198,070",9.03,,,,,,
2008,4,Final,"10,075,293","92,165,896","124,835,939",10.93,"9,937,653","101,487,453","17,530,143",9.79,"5,559,062","83,695,609","751,426",6.64,"61,806","614,466",715,10.06,.,.,.,.,"25,633,817","277,963,417","143,118,223",9.22,,,,,,
2008,5,Final,"10,517,088","92,245,628","124,847,257",11.40,"10,797,906","107,473,491","17,561,292",10.05,"5,935,346","87,963,074","757,785",6.75,"62,057","593,870",709,10.45,.,.,.,.,"27,312,401","288,276,055","143,167,043",9.47,,,,,,
2008,6,Final,"14,286,978","121,375,875","125,006,630",11.77,"12,981,182","119,372,957","17,631,160",10.87,"6,408,045","87,223,773","765,535",7.35,"73,373","619,890",718,11.84,.,.,.,.,"33,749,573","328,592,498","143,404,043",10.27,,,,,,
2008,7,Final,"17,281,317","143,179,153","125,161,249",12.07,"14,211,261","128,072,036","17,640,732",11.10,"6,830,937","88,526,807","826,573",7.72,"76,526","648,574",738,11.80,.,.,.,.,"38,400,040","360,426,569","143,629,292",10.65,,,,,,
2008,8,Final,"16,736,214","138,459,921","125,219,747",12.09,"13,745,024","124,195,648","17,610,993",11.07,"6,689,812","88,551,914","827,386",7.55,"75,594","648,954",741,11.65,.,.,.,.,"37,246,642","351,856,427","143,658,867",10.59,,,,,,
2008,9,Final,"13,960,354","117,078,134","125,080,299",11.92,"12,736,582","118,288,847","17,626,884",10.77,"6,279,015","85,910,355","823,339",7.31,"74,412","628,874",743,11.83,.,.,.,.,"33,050,368","321,906,212","143,531,265",10.27,,,,,,
2008,10,Final,"11,345,930","96,110,591","125,459,531",11.81,"11,536,897","110,849,713","17,648,493",10.41,"6,048,935","84,164,272","757,762",7.19,"66,887","637,500",758,10.49,.,.,.,.,"28,998,657","291,762,076","143,866,544",9.94,,,,,,
2008,11,Final,"10,932,485","95,766,492","124,567,523",11.42,"10,406,243","102,414,689","17,489,157",10.16,"5,510,854","79,538,654","744,598",6.93,"62,274","610,575",733,10.20,.,.,.,.,"26,911,859","278,330,411","142,802,011",9.67,,,,,,
2008,12,Final,"13,593,250","125,195,491","125,705,084",10.86,"10,630,494","107,185,886","17,702,401",9.92,"5,148,438","75,868,678","736,158",6.79,"70,433","666,075",748,10.57,.,.,.,.,"29,442,615","308,916,128","144,144,391",9.53,,,,,,
2009,1,Final,"14,954,358","136,228,785","124,862,256",10.98,"10,923,686","109,643,163","17,488,241",9.96,"5,188,992","74,983,034","741,026",6.92,"79,750","768,982",685,10.37,.,.,.,.,"31,146,785","321,623,965","143,092,208",9.68,,,,,,
2009,2,Final,"12,884,598","115,212,234","124,706,213",11.18,"10,103,901","99,010,675","17,456,977",10.20,"4,923,028","71,358,009","727,141",6.90,"69,801","670,545",696,10.41,.,.,.,.,"27,981,331","286,251,462","142,891,027",9.78,,,,,,
2009,3,Final,"12,013,576","106,501,361","125,186,985",11.28,"10,208,271","102,458,095","17,547,141",9.96,"5,053,758","74,171,162","797,660",6.81,"74,328","677,211",700,10.98,.,.,.,.,"27,349,929","283,807,830","143,532,486",9.64,,,,,,
2009,4,Final,"10,534,466","91,631,164","125,347,278",11.50,"9,848,356","99,804,161","17,584,748",9.87,"4,956,375","73,415,092","753,109",6.75,"63,128","613,230",702,10.29,.,.,.,.,"25,402,325","265,463,647","143,685,837",9.57,,,,,,
2009,5,Final,"11,107,666","94,312,177","124,841,560",11.78,"10,633,365","105,211,811","17,496,203",10.11,"5,084,296","75,150,839","732,457",6.77,"66,787","601,152",704,11.11,.,.,.,.,"26,892,118","275,275,981","143,070,924",9.77,,,,,,
2009,6,Final,"13,512,544","114,395,186","125,376,280",11.81,"12,014,238","114,832,078","17,600,995",10.46,"5,362,767","75,680,591","791,686",7.09,"65,999","612,612",703,10.77,.,.,.,.,"30,955,553","305,520,471","143,769,664",10.13,,,,,,
2009,7,Final,"16,292,455","137,497,959","125,460,675",11.85,"12,811,080","121,323,033","17,603,850",10.56,"5,562,699","78,390,882","794,335",7.10,"73,339","666,199",703,11.01,.,.,.,.,"34,739,570","337,878,073","143,859,563",10.28,,,,,,
2009,8,Final,"16,504,280","138,222,680","125,197,488",11.94,"13,015,829","123,776,734","17,547,055",10.52,"5,832,128","82,199,246","794,447",7.10,"69,815","646,535",706,10.80,.,.,.,.,"35,422,048","344,845,196","143,539,696",10.27,,,,,,
2009,9,Final,"13,768,656","115,163,377","125,135,312",11.96,"12,008,222","114,900,226","17,547,505",10.45,"5,499,155","79,863,393","790,286",6.89,"68,304","636,302",707,10.73,.,.,.,.,"31,344,338","310,563,306","143,473,810",10.09,,,,,,
2009,10,Final,"11,481,043","98,552,024","125,502,921",11.65,"10,991,166","108,513,647","17,653,521",10.13,"5,321,968","79,450,797","731,920",6.70,"62,322","599,846",708,10.39,.,.,.,.,"27,856,497","287,116,312","143,889,070",9.70,,,,,,
2009,11,Final,"10,474,160","93,027,979","124,998,344",11.26,"9,670,032","98,901,262","17,536,081",9.78,"4,839,165","75,638,718","717,806",6.40,"62,618","589,897",712,10.62,.,.,.,.,"25,045,975","268,157,856","143,252,943",9.34,,,,,,
2009,12,Final,"13,515,758","124,013,226","125,890,006",10.90,"10,518,876","108,477,641","17,683,477",9.70,"5,046,004","77,114,704","718,092",6.54,"72,162","685,471",712,10.53,.,.,.,.,"29,152,805","310,291,051","144,292,287",9.40,,,,,,
2010,1,Final,"15,475,103","147,499,876","124,906,507",10.49,"10,327,214","108,120,506","17,583,534",9.55,"4,909,092","75,548,905","710,700",6.50,"72,286","709,476",260,10.19,.,.,.,.,"30,783,698","331,878,766","143,201,001",9.28,,,,,,
2010,2,Final,"13,374,186","122,840,202","124,842,128",10.89,"9,958,845","100,746,977","17,545,240",9.89,"4,861,461","74,190,726","708,767",6.55,"71,753","681,823",238,10.52,.,.,.,.,"28,266,233","298,459,729","143,096,373",9.47,,,,,,
2010,3,Final,"12,414,460","111,789,980","125,732,549",11.11,"10,124,942","101,751,354","17,684,381",9.95,"5,114,002","78,319,091","776,722",6.53,"67,075","650,921",239,10.30,.,.,.,.,"27,720,476","292,511,350","144,193,891",9.48,,,,,,
2010,4,Final,"10,309,069","88,046,437","125,730,839",11.71,"9,933,021","99,790,359","17,689,371",9.95,"5,148,012","78,620,391","718,573",6.55,"62,718","594,946",237,10.54,.,.,.,.,"25,452,822","267,052,130","144,139,020",9.53,,,,,,
2010,5,Final,"11,295,769","94,843,006","125,349,845",11.91,"10,775,842","106,172,099","17,610,528",10.15,"5,453,232","82,113,972","723,075",6.64,"63,310","600,185",238,10.55,.,.,.,.,"27,588,157","283,729,266","143,683,686",9.72,,,,,,
2010,6,Final,"15,188,865","127,495,967","125,728,387",11.91,"12,604,915","119,385,000","17,670,404",10.56,"5,806,080","83,359,707","739,717",6.97,"72,875","652,527",237,11.17,.,.,.,.,"33,672,738","330,893,202","144,138,745",10.18,,,,,,
2010,7,Final,"18,619,494","154,688,713","126,011,081",12.04,"13,711,748","127,923,961","17,741,672",10.72,"6,196,858","85,743,811","810,800",7.23,"72,555","661,230",237,10.97,.,.,.,.,"38,600,659","369,017,720","144,563,790",10.46,,,,,,
2010,8,Final,"18,529,160","154,053,428","125,990,509",12.03,"13,716,332","129,166,328","17,710,653",10.62,"6,345,910","87,927,067","807,688",7.22,"67,801","622,488",236,10.89,.,.,.,.,"38,659,209","371,769,315","144,509,086",10.40,,,,,,
2010,9,Final,"14,889,607","124,582,734","126,015,980",11.95,"12,532,508","119,136,726","17,713,203",10.52,"5,833,543","83,389,716","803,075",7.00,"66,735","633,167",232,10.54,.,.,.,.,"33,322,392","327,742,337","144,532,490",10.17,,,,,,
2010,10,Final,"11,471,215","96,688,034","126,056,303",11.86,"11,118,172","108,460,801","17,706,939",10.25,"5,580,308","82,080,654","730,877",6.80,"64,269","610,307",231,10.53,.,.,.,.,"28,233,955","287,839,796","144,494,350",9.81,,,,,,
2010,11,Final,"10,827,343","93,166,140","125,845,114",11.62,"10,143,094","101,518,939","17,669,249",9.99,"5,222,649","79,613,881","717,756",6.56,"62,952","601,112",231,10.47,.,.,.,.,"26,256,042","274,900,071","144,232,350",9.55,,,,,,
2010,12,Final,"14,383,767","130,013,886","126,403,956",11.06,"10,607,116","108,026,306","17,764,826",9.82,"5,300,858","80,313,275","724,536",6.60,"70,010","694,228",241,10.08,.,.,.,.,"30,361,744","319,047,695","144,893,559",9.52,,,,,,
2011,1,Final,"15,771,431","145,061,686","125,335,632",10.87,"10,589,825","108,250,632","17,541,692",9.78,"5,229,117","80,092,871","691,024",6.53,"73,093","710,454",93,10.29,.,.,.,.,"31,663,468","334,115,653","143,568,441",9.48,,,,,,
2011,2,Final,"13,283,864","120,109,972","125,324,801",11.06,"9,968,124","99,795,540","17,497,503",9.99,"5,058,917","76,361,233","689,287",6.62,"67,156","636,759",95,10.55,.,.,.,.,"28,378,062","296,903,500","143,511,686",9.56,,,,,,
2011,3,Final,"12,089,853","104,922,125","126,538,410",11.52,"10,353,606","104,257,061","17,682,989",9.93,"5,370,474","82,209,088","735,610",6.53,"67,938","663,593",93,10.24,.,.,.,.,"27,881,866","292,051,860","144,957,102",9.55,,,,,,
2011,4,Final,"10,936,439","93,701,637","125,795,504",11.67,"10,014,937","100,506,218","17,566,829",9.96,"5,244,169","80,367,267","696,394",6.53,"62,712","628,763",97,9.97,.,.,.,.,"26,258,256","275,203,882","144,058,824",9.54,,,,,,
2011,5,Final,"11,656,410","97,689,100","126,064,856",11.93,"10,962,642","107,624,532","17,612,428",10.19,"5,478,996","82,060,550","704,871",6.68,"66,207","618,566",92,10.70,.,.,.,.,"28,164,251","287,992,747","144,382,247",9.78,,,,,,
2011,6,Final,"15,079,523","125,982,784","126,411,464",11.97,"12,592,191","118,170,173","17,684,700",10.66,"5,992,674","83,911,566","714,869",7.14,"70,755","642,808",93,11.01,.,.,.,.,"33,735,139","328,707,330","144,811,126",10.26,,,,,,
2011,7,Final,"18,709,282","154,728,919","126,153,422",12.09,"13,661,037","128,065,437","17,645,184",10.67,"6,384,092","87,247,104","758,421",7.32,"72,895","650,454",93,11.21,.,.,.,.,"38,827,305","370,691,915","144,557,120",10.47,,,,,,
2011,8,Final,"18,582,571","153,738,735","126,732,832",12.09,"13,874,114","129,368,478","17,748,622",10.72,"6,579,545","88,987,352","761,674",7.39,"67,644","625,264",92,10.82,.,.,.,.,"39,103,869","372,719,829","145,243,220",10.49,,,,,,
2011,9,Final,"14,933,839","122,719,497","126,386,997",12.17,"12,493,925","117,951,311","17,687,829",10.59,"6,074,416","84,942,794","757,463",7.15,"68,445","633,615",89,10.80,.,.,.,.,"33,570,629","326,247,221","144,832,378",10.29,,,,,,
2011,10,Final,"11,427,034","94,585,120","126,127,824",12.08,"11,141,622","108,649,563","17,638,704",10.25,"5,705,349","84,281,728","749,637",6.77,"63,164","616,477",90,10.25,.,.,.,.,"28,337,160","288,132,886","144,516,255",9.83,,,,,,
2011,11,Final,"10,981,820","93,220,497","126,251,331",11.78,"10,033,997","100,552,420","17,653,512",9.98,"5,281,085","80,872,434","739,648",6.53,"58,548","589,813",90,9.93,.,.,.,.,"26,355,444","275,235,164","144,644,581",9.58,,,,,,
2011,12,Final,"13,261,884","116,341,023","126,593,788",11.40,"10,240,695","104,866,077","17,695,148",9.77,"5,206,869","79,981,586","735,774",6.51,"64,188","655,511",89,9.79,.,.,.,.,"28,773,637","301,844,197","145,024,799",9.53,,,,,,
2012,1,Final,"14,359,852","125,881,482","126,242,521",11.41,"10,352,363","105,239,310","17,637,378",9.84,"5,102,338","79,204,654","719,433",6.44,"63,569","649,936",92,9.78,.,.,.,.,"29,878,121","310,975,384","144,599,424",9.61,,,,,,
2012,2,Final,"12,423,745","107,975,354","126,147,190",11.51,"9,943,541","100,080,129","17,613,157",9.94,"5,051,577","78,298,274","703,152",6.45,"60,441","629,170",92,9.61,.,.,.,.,"27,479,299","286,982,927","144,463,591",9.58,,,,,,
2012,3,Final,"11,620,585","99,361,685","126,890,820",11.70,"10,085,772","102,474,426","17,720,807",9.84,"5,249,557","81,298,243","719,346",6.46,"59,366","596,854",84,9.95,.,.,.,.,"27,015,286","283,731,202","145,331,057",9.52,,,,,,
2012,4,Final,"10,503,851","88,103,210","126,680,967",11.92,"9,919,279","101,036,707","17,689,298",9.82,"5,167,677","81,029,674","724,611",6.38,"59,650","590,009",84,10.11,.,.,.,.,"25,650,456","270,759,603","145,094,960",9.47,,,,,,
2012,5,Final,"12,010,899","100,895,114","127,543,688",11.90,"11,038,598","110,800,448","17,833,328",9.96,"5,528,201","84,677,652","739,556",6.53,"59,344","594,956",81,9.97,.,.,.,.,"28,637,040","296,968,168","146,116,653",9.64,,,,,,
2012,6,Final,"14,863,158","122,934,130","126,998,376",12.09,"12,258,627","118,009,389","17,700,715",10.39,"5,765,359","83,619,010","742,139",6.89,"61,713","597,335",82,10.33,.,.,.,.,"32,948,865","325,159,873","145,441,312",10.13,,,,,,
2012,7,Final,"18,552,930","154,579,071","126,749,730",12.00,"13,353,528","128,535,308","17,727,045",10.39,"6,219,195","87,219,180","748,278",7.13,"67,324","629,143",81,10.70,.,.,.,.,"38,192,982","370,962,702","145,225,134",10.30,,,,,,
2012,8,Final,"18,009,423","147,941,046","127,521,015",12.17,"13,313,310","128,106,419","17,831,822",10.39,"6,239,398","88,104,636","733,000",7.08,"66,607","632,626",81,10.53,.,.,.,.,"37,628,742","364,784,721","146,085,918",10.32,,,,,,
2012,9,Final,"14,613,556","118,831,342","126,453,450",12.30,"12,238,481","116,584,974","17,684,165",10.50,"5,716,011","82,059,898","739,162",6.97,"65,887","613,495",81,10.74,.,.,.,.,"32,633,936","318,089,709","144,876,858",10.26,,,,,,
2012,10,Final,"11,633,393","96,669,435","127,148,704",12.03,"11,130,895","110,471,011","17,798,407",10.08,"5,490,886","82,995,692","736,043",6.62,"60,717","599,327",80,10.13,.,.,.,.,"28,315,888","290,735,460","145,683,234",9.74,,,,,,
2012,11,Final,"11,417,716","97,155,234","126,862,992",11.75,"10,052,497","101,640,739","17,722,313",9.89,"5,121,530","78,847,338","741,383",6.50,"59,190","568,615",81,10.41,.,.,.,.,"26,650,935","278,211,919","145,326,769",9.58,,,,,,
2012,12,Final,"13,271,254","114,187,601","126,747,576",11.62,"10,211,550","104,122,351","17,788,403",9.81,"5,109,524","78,359,602","742,028",6.52,"63,613","618,569",80,10.28,.,.,.,.,"28,655,937","297,288,123","145,278,087",9.64,,,,,,
2013,1,Final,"15,099,984","131,784,837","127,595,060",11.46,"10,526,705","107,728,747","17,595,375",9.77,"5,232,614","80,505,472","820,869",6.50,"69,934","663,873",73,10.53,.,.,.,.,"30,929,236","320,682,929","146,011,377",9.64,,,,,,
2013,2,Final,"13,152,577","113,113,885","126,911,590",11.63,"10,157,737","101,015,634","17,526,676",10.06,"5,105,440","76,692,049","807,361",6.66,"69,570","658,796",72,10.56,.,.,.,.,"28,485,324","291,480,364","145,245,699",9.77,,,,,,
2013,3,Final,"13,016,199","112,096,726","127,694,574",11.61,"10,420,942","104,011,359","17,647,058",10.02,"5,345,466","80,474,389","814,884",6.64,"65,954","643,558",73,10.25,.,.,.,.,"28,848,561","297,226,031","146,156,589",9.71,,,,,,
2013,4,Final,"11,396,578","95,540,851","126,863,523",11.93,"10,099,131","101,394,942","17,950,153",9.96,"5,278,897","80,216,471","826,221",6.58,"64,757","629,644",72,10.28,.,.,.,.,"26,839,364","277,781,907","145,639,969",9.66,,,,,,
2013,5,Final,"11,804,760","95,191,598","128,031,040",12.40,"11,112,386","108,682,606","17,701,109",10.22,"5,732,290","84,896,927","836,614",6.75,"65,888","627,302",73,10.50,.,.,.,.,"28,715,324","289,398,433","146,568,836",9.92,,,,,,
2013,6,Final,"14,793,349","117,982,106","127,665,705",12.54,"12,501,473","117,410,413","17,623,026",10.65,"6,101,600","84,169,857","841,448",7.25,"68,706","638,285",72,10.76,.,.,.,.,"33,465,128","320,200,661","146,130,251",10.45,,,,,,
2013,7,Final,"18,192,900","143,854,749","127,940,694",12.65,"13,623,518","127,310,576","17,727,832",10.70,"6,473,407","86,886,908","853,955",7.45,"71,159","648,695",73,10.97,.,.,.,.,"38,360,983","358,700,928","146,522,554",10.69,,,,,,
2013,8,Final,"17,293,519","138,065,070","128,138,737",12.53,"13,580,801","127,063,274","17,697,816",10.69,"6,474,078","87,806,368","856,327",7.37,"69,432","644,882",72,10.77,.,.,.,.,"37,417,830","353,579,594","146,692,952",10.58,,,,,,
2013,9,Final,"15,192,387","121,419,216","127,680,228",12.51,"12,468,082","118,407,722","17,603,069",10.53,"5,998,134","83,024,991","837,614",7.22,"68,103","625,928",72,10.88,.,.,.,.,"33,726,706","323,477,856","146,120,983",10.43,,,,,,
2013,10,Final,"12,225,342","98,893,015","128,616,444",12.36,"11,503,989","111,906,622","17,739,281",10.28,"5,700,440","82,979,766","844,120",6.87,"61,799","590,856",70,10.46,.,.,.,.,"29,491,570","294,370,259","147,199,915",10.02,,,,,,
2013,11,Final,"11,843,485","97,904,016","127,563,046",12.10,"10,364,776","103,384,479","17,603,224",10.03,"5,294,415","79,631,574","816,115",6.65,"60,217","574,255",80,10.49,.,.,.,.,"27,562,893","281,494,324","145,982,465",9.79,,,,,,
2013,12,Final,"15,119,560","128,966,061","128,622,650",11.72,"10,828,950","108,762,405","17,738,970",9.96,"5,197,035","78,067,100","825,278",6.66,"69,273","678,969",85,10.20,.,.,.,.,"31,214,818","316,474,535","147,186,983",9.86,,,,,,
2014,1,Final,"17,075,130","146,511,442","128,080,045",11.65,"11,789,611","113,865,925","17,756,185",10.35,"5,596,371","80,148,847","824,418",6.98,"77,846","712,058",82,10.93,.,.,.,.,"34,538,957","341,238,272","146,660,730",10.12,,,,,,
2014,2,Final,"15,337,976","128,475,358","127,760,935",11.94,"11,141,730","104,352,642","17,694,926",10.68,"5,369,841","75,413,264","810,164",7.12,"72,852","699,868",79,10.41,.,.,.,.,"31,922,399","308,941,133","146,266,104",10.33,,,,,,
2014,3,Final,"13,996,440","114,232,804","128,398,293",12.25,"11,390,207","106,967,887","17,795,435",10.65,"5,632,304","80,539,069","817,663",6.99,"67,646","648,428",79,10.43,.,.,.,.,"31,086,597","302,388,188","147,011,470",10.28,,,,,,
2014,4,Final,"11,365,387","92,289,715","128,347,095",12.31,"10,715,005","102,458,950","17,795,240",10.46,"5,450,558","80,505,327","829,796",6.77,"65,442","639,676",80,10.23,.,.,.,.,"27,596,392","275,893,667","146,972,211",10.00,,,,,,
2014,5,Final,"12,300,372","95,726,768","128,428,131",12.85,"11,555,416","109,665,549","17,834,341",10.54,"5,832,615","85,382,987","840,580",6.83,"64,938","645,565",84,10.06,.,.,.,.,"29,753,340","291,420,869","147,103,136",10.21,,,,,,
2014,6,Final,"15,336,707","118,049,037","128,562,601",12.99,"12,973,741","118,422,530","17,810,020",10.96,"6,335,214","85,711,096","838,886",7.39,"64,582","609,317",77,10.60,.,.,.,.,"34,710,244","322,791,980","147,211,584",10.75,,,,,,
2014,7,Final,"17,942,652","137,027,969","129,055,781",13.09,"14,013,815","125,434,147","17,937,858",11.17,"6,741,678","88,417,100","865,715",7.62,"68,838","644,768",78,10.68,.,.,.,.,"38,766,982","351,523,985","147,859,432",11.03,,,,,,
2014,8,Final,"17,708,103","135,829,797","128,924,140",13.04,"13,875,771","125,603,004","17,889,944",11.05,"6,747,965","89,808,408","856,377",7.51,"64,323","641,784",77,10.02,.,.,.,.,"38,396,161","351,882,992","147,670,538",10.91,,,,,,
2014,9,Final,"15,638,798","120,741,347","128,788,358",12.95,"13,399,364","120,048,813","17,922,008",11.16,"6,298,882","85,489,158","856,589",7.37,"69,196","627,803",78,11.02,.,.,.,.,"35,406,241","326,907,121","147,567,033",10.83,,,,,,
2014,10,Final,"12,352,418","98,037,682","129,521,707",12.60,"12,239,440","113,023,103","17,993,992",10.83,"6,007,322","84,994,167","860,902",7.07,"64,188","624,833",76,10.27,.,.,.,.,"30,663,368","296,679,784","148,376,677",10.34,,,,,,
2014,11,Final,"12,417,489","99,485,771","128,640,689",12.48,"10,967,315","104,245,469","17,827,317",10.52,"5,469,876","81,044,196","824,992",6.75,"64,978","637,146",76,10.20,.,.,.,.,"28,919,659","285,412,583","147,293,074",10.13,,,,,,
2014,12,Final,"14,706,536","120,800,620","129,655,750",12.17,"11,191,740","108,070,244","17,988,765",10.36,"5,372,128","80,122,518","843,760",6.70,"65,665","626,310",76,10.48,.,.,.,.,"31,336,069","309,619,693","148,488,351",10.12,,,,,,
2015,1,Final,"16,665,370","137,764,859","129,177,100",12.10,"11,505,968","111,619,657","17,924,312",10.31,"5,309,857","79,609,000","814,536",6.67,"70,293","672,804",77,10.45,.,.,.,.,"33,551,487","329,666,320","147,916,025",10.18,,,,,,
2015,2,Final,"15,214,669","123,837,721","128,836,192",12.29,"11,203,440","105,482,476","17,854,428",10.62,"5,276,629","76,748,765","808,801",6.88,"73,386","699,478",77,10.49,.,.,.,.,"31,768,124","306,768,440","147,499,498",10.36,,,,,,
2015,3,Final,"14,449,846","117,167,111","129,858,190",12.33,"11,459,800","107,796,084","17,975,571",10.63,"5,440,876","79,709,106","823,107",6.83,"68,789","679,469",78,10.12,.,.,.,.,"31,419,312","305,351,769","148,656,946",10.29,,,,,,
2015,4,Final,"11,379,471","90,199,187","129,607,349",12.62,"10,802,722","104,167,798","17,955,904",10.37,"5,322,962","80,488,633","823,833",6.61,"60,468","619,503",78,9.76,.,.,.,.,"27,565,622","275,475,121","148,387,164",10.01,,,,,,
2015,5,Final,"12,300,262","95,160,533","129,550,528",12.93,"11,456,490","109,405,654","17,675,632",10.47,"5,588,543","82,915,739","828,518",6.74,"60,075","608,774",79,9.87,.,.,.,.,"29,405,371","288,090,699","148,054,757",10.21,,,,,,
2015,6,Final,"15,537,267","120,299,754","129,833,960",12.92,"12,992,460","119,270,121","18,042,403",10.89,"6,133,434","86,217,704","851,608",7.11,"61,867","609,319",79,10.15,.,.,.,.,"34,725,028","326,396,898","148,728,050",10.64,,,,,,
2015,7,Final,"18,903,905","146,038,291","130,322,224",12.94,"14,228,917","128,504,253","18,099,332",11.07,"6,537,856","87,747,347","860,552",7.45,"67,032","648,176",79,10.34,.,.,.,.,"39,737,709","362,938,067","149,282,187",10.95,,,,,,
2015,8,Final,"18,658,711","144,515,145","129,696,710",12.91,"14,064,731","128,518,923","18,013,711",10.94,"6,493,236","88,373,074","849,033",7.35,"63,343","624,627",78,10.14,.,.,.,.,"39,280,022","362,031,768","148,559,532",10.85,,,,,,
2015,9,Final,"16,346,958","125,416,666","130,004,031",13.03,"13,419,554","122,195,406","18,059,742",10.98,"6,107,335","84,730,484","851,435",7.21,"63,319","615,318",78,10.29,.,.,.,.,"35,937,166","332,957,875","148,915,286",10.79,,,,,,
2015,10,Final,"12,632,537","99,349,047","130,277,004",12.72,"12,100,254","112,821,488","18,087,524",10.73,"5,727,965","83,248,831","851,293",6.88,"63,026","635,980",78,9.91,.,.,.,.,"30,523,782","296,055,346","149,215,899",10.31,,,,,,
2015,11,Final,"11,775,451","92,677,749","129,722,466",12.71,"10,721,924","104,140,240","17,995,604",10.30,"5,184,683","78,494,668","825,647",6.61,"58,128","603,872",78,9.63,.,.,.,.,"27,740,186","275,916,529","148,543,795",10.05,,,,,,
2015,12,Final,"13,759,174","111,670,437","130,854,255",12.32,"10,825,193","106,829,427","18,142,822",10.13,"5,042,507","78,224,381","837,966",6.45,"60,785","619,311",78,9.81,.,.,.,.,"29,687,660","297,343,557","149,835,121",9.98,,,,,,
2016,1,Final,"15,704,042","130,971,848","130,327,243",11.99,"11,133,246","110,410,476","18,001,806",10.08,"5,080,067","78,847,863","829,287",6.44,"62,848","659,977",78,9.52,.,.,.,.,"31,980,203","320,890,165","149,158,414",9.97,,,,,,
2016,2,Final,"14,075,925","115,959,425","130,114,828",12.14,"10,604,964","103,451,690","18,022,657",10.25,"4,926,911","76,748,459","825,209",6.42,"62,093","646,190",81,9.61,.,.,.,.,"29,669,892","296,805,763","148,962,775",10.00,,,,,,
2016,3,Final,"12,592,721","100,226,575","131,333,340",12.56,"10,814,792","105,739,178","18,185,531",10.23,"5,121,521","79,237,361","835,990",6.46,"58,230","609,244",86,9.56,.,.,.,.,"28,587,264","285,812,359","150,354,947",10.00,,,,,,
2016,4,Final,"10,966,741","88,244,340","130,452,160",12.43,"10,397,862","102,045,129","18,064,005",10.19,"5,064,699","78,646,727","823,879",6.44,"56,731","595,041",82,9.53,.,.,.,.,"26,486,033","269,531,237","149,340,126",9.83,,,,,,
2016,5,Final,"12,048,368","94,198,030","131,002,108",12.79,"11,184,214","108,436,892","18,133,949",10.31,"5,356,646","81,491,456","840,080",6.57,"53,964","581,264",85,9.28,.,.,.,.,"28,643,192","284,707,642","149,976,222",10.06,,,,,,
2016,6,Final,"15,941,506","125,211,239","131,282,771",12.73,"12,827,782","120,363,273","18,174,804",10.66,"5,879,095","83,672,034","853,646",7.03,"61,544","631,359",86,9.75,.,.,.,.,"34,709,927","329,877,905","150,311,307",10.52,,,,,,
2016,7,Final,"19,574,575","154,409,327","131,086,905",12.68,"13,891,052","130,038,318","18,130,289",10.68,"6,293,975","87,076,399","847,849",7.23,"63,755","648,224",83,9.84,.,.,.,.,"39,823,357","372,172,268","150,065,126",10.70,,,,,,
2016,8,Final,"20,156,706","156,441,524","131,346,501",12.88,"14,530,454","135,018,841","18,227,261",10.76,"6,440,435","89,100,538","859,607",7.23,"63,406","631,425",83,10.04,.,.,.,.,"41,191,001","381,192,328","150,433,452",10.81,,,,,,
2016,9,Final,"16,651,693","129,362,932","131,374,997",12.87,"13,298,222","123,492,824","18,207,555",10.77,"5,946,952","83,259,307","846,336",7.14,"63,688","637,023",83,10.00,.,.,.,.,"35,960,556","336,752,086","150,428,971",10.68,,,,,,
2016,10,Final,"12,647,912","101,507,966","131,318,899",12.46,"11,913,760","112,962,817","18,203,386",10.55,"5,490,894","81,597,272","838,393",6.73,"58,933","612,616",84,9.62,.,.,.,.,"30,111,499","296,680,671","150,360,762",10.15,,,,,,
2016,11,Final,"11,886,346","93,244,091","131,325,418",12.75,"10,840,426","105,059,868","18,183,746",10.32,"5,225,320","78,421,432","824,510",6.66,"54,566","591,590",84,9.22,.,.,.,.,"28,006,657","277,316,980","150,333,758",10.10,,,,,,
2016,12,Final,"14,830,204","121,280,856","131,859,453",12.23,"11,205,730","110,172,081","18,244,491",10.17,"5,241,560","78,616,332","832,403",6.67,"61,970","652,957",84,9.49,.,.,.,.,"31,339,464","310,722,226","150,936,431",10.09,,,,,,
2017,1,Final,"15,780,965","129,212,499","131,977,307",12.21,"11,182,508","109,488,387","18,289,356",10.21,"5,189,969","78,809,113","828,464",6.59,"62,636","667,180",84,9.39,.,.,.,.,"32,216,079","318,177,179","151,095,211",10.13,,,,,,
2017,2,Final,"12,910,768","100,968,236","131,437,253",12.79,"10,442,492","99,639,936","18,199,541",10.48,"4,940,599","74,533,794","817,642",6.63,"60,331","635,170",84,9.50,.,.,.,.,"28,354,189","275,777,135","150,454,520",10.28,,,,,,
2017,3,Final,"13,289,045","103,095,520","132,851,616",12.89,"11,207,745","107,172,864","18,384,031",10.46,"5,407,180","80,530,225","836,953",6.71,"61,195","645,028",84,9.49,.,.,.,.,"29,965,166","291,443,637","152,072,684",10.28,,,,,,
2017,4,Final,"11,535,967","90,724,504","131,902,166",12.72,"10,668,773","102,589,050","18,225,046",10.40,"5,209,318","78,898,558","821,828",6.60,"55,694","589,047",86,9.46,.,.,.,.,"27,469,753","272,801,158","150,949,126",10.07,,,,,,
2017,5,Final,"12,843,176","98,281,159","132,559,481",13.07,"11,637,833","109,872,100","18,375,746",10.59,"5,639,340","83,134,470","847,817",6.78,"56,018","582,809",86,9.61,.,.,.,.,"30,176,366","291,870,538","151,783,130",10.34,,,,,,
2017,6,Final,"16,170,643","122,543,169","132,866,506",13.20,"13,209,452","120,013,155","18,402,963",11.01,"6,141,351","85,398,538","856,760",7.19,"63,898","627,752",85,10.18,.,.,.,.,"35,585,345","328,582,615","152,126,314",10.83,,,,,,
2017,7,Final,"19,605,903","149,900,482","132,345,053",13.08,"14,183,584","129,276,623","18,354,033",10.97,"6,415,976","87,806,132","851,042",7.31,"63,757","629,785",85,10.12,.,.,.,.,"40,269,220","367,613,022","151,550,213",10.95,,,,,,
2017,8,Final,"18,679,045","142,007,167","133,013,535",13.15,"14,141,470","128,481,008","18,437,269",11.01,"6,435,403","89,134,443","867,301",7.22,"64,390","640,002",85,10.06,.,.,.,.,"39,320,307","360,262,619","152,318,190",10.91,,,,,,
2017,9,Final,"15,771,702","118,778,782","132,461,398",13.28,"13,104,431","118,788,759","18,354,295",11.03,"5,991,751","83,540,140","845,776",7.17,"61,776","618,129",85,9.99,.,.,.,.,"34,929,660","321,725,810","151,661,554",10.86,,,,,,
2017,10,Final,"13,163,919","102,811,043","133,126,174",12.80,"12,208,220","113,287,192","18,435,264",10.78,"5,725,407","82,815,131","846,549",6.91,"59,947","626,114",85,9.57,.,.,.,.,"31,157,493","299,539,479","152,408,072",10.40,,,,,,
2017,11,Final,"12,721,418","98,320,566","133,093,866",12.94,"11,016,274","104,973,100","18,430,836",10.49,"5,345,026","79,455,592","830,580",6.73,"56,773","597,743",85,9.50,.,.,.,.,"29,139,491","283,347,001","152,355,367",10.28,,,,,,
2017,12,Final,"15,188,616","122,004,617","133,321,574",12.45,"11,239,158","109,305,521","18,423,574",10.28,"5,249,384","80,241,809","833,004",6.54,"62,040","663,835",85,9.35,.,.,.,.,"31,739,198","312,215,782","152,578,237",10.17,,,,,,
2018,1,Final,"18,193,477","148,917,773","133,302,851",12.22,"12,052,806","114,925,769","18,552,103",10.49,"5,549,503","79,963,614","839,688",6.94,"69,987","745,253",82,9.39,.,.,.,.,"35,865,773","344,552,410","152,694,724",10.41,,,,,,
2018,2,Final,"14,364,227","113,751,617","132,923,916",12.63,"10,936,119","102,685,943","18,440,773",10.65,"5,133,353","75,730,456","812,793",6.78,"62,024","634,368",82,9.78,.,.,.,.,"30,495,724","292,802,384","152,177,564",10.42,,,,,,
2018,3,Final,"13,904,789","107,218,756","133,853,008",12.97,"11,364,849","108,108,831","18,575,048",10.51,"5,379,326","81,127,227","823,134",6.63,"58,259","619,604",82,9.40,.,.,.,.,"30,707,223","297,074,418","153,251,272",10.34,,,,,,
2018,4,Final,"12,290,313","95,453,887","133,418,177",12.88,"10,806,038","103,331,940","18,526,643",10.46,"5,200,209","79,157,317","824,972",6.57,"56,767","599,473",82,9.47,.,.,.,.,"28,353,326","278,542,617","152,769,874",10.18,,,,,,
2018,5,Final,"13,625,043","103,848,230","134,122,207",13.12,"11,889,568","113,175,959","18,613,539",10.51,"5,825,294","85,716,785","851,941",6.80,"55,084","586,879",82,9.39,.,.,.,.,"31,394,989","303,327,852","153,587,769",10.35,,,,,,
2018,6,Final,"16,921,958","129,913,143","133,935,717",13.03,"13,222,597","122,011,656","18,615,455",10.84,"6,143,091","85,615,351","859,690",7.18,"63,679","622,670",83,10.23,.,.,.,.,"36,351,325","338,162,820","153,410,945",10.75,,,,,,
2018,7,Final,"20,156,169","153,566,323","133,883,566",13.13,"14,465,607","131,522,082","18,624,056",11.00,"6,547,270","89,383,791","861,839",7.32,"63,784","634,448",83,10.05,.,.,.,.,"41,232,830","375,106,643","153,369,544",10.99,,,,,,
2018,8,Final,"20,351,263","153,496,754","134,434,222",13.26,"14,873,746","134,848,578","18,686,200",11.03,"6,680,360","92,189,200","867,791",7.25,"64,612","680,314",83,9.50,.,.,.,.,"41,969,982","381,214,846","153,988,296",11.01,,,,,,
2018,9,Final,"16,775,152","128,910,015","133,791,468",13.01,"13,085,120","122,033,955","18,594,124",10.72,"6,044,612","85,757,896","845,094",7.05,"64,338","640,284",83,10.05,.,.,.,.,"35,969,221","337,342,149","153,230,769",10.66,,,,,,
2018,10,Final,"13,751,135","107,048,983","134,378,003",12.85,"12,505,594","116,133,797","18,717,582",10.77,"5,870,062","85,380,349","845,719",6.88,"61,774","630,749",83,9.79,.,.,.,.,"32,188,565","309,193,878","153,941,387",10.41,,,,,,
2018,11,Final,"13,388,529","103,790,231","134,155,859",12.90,"11,068,952","104,983,579","18,636,312",10.54,"5,563,497","81,194,750","824,731",6.85,"59,705","615,674",83,9.70,.,.,.,.,"30,080,683","290,584,234","153,616,985",10.35,,,,,,
2018,12,Final,"15,311,233","123,180,747","134,524,515",12.43,"11,154,880","107,998,574","18,682,971",10.33,"5,358,965","80,380,140","836,593",6.67,"63,596","655,088",83,9.71,.,.,.,.,"31,888,674","312,214,548","154,044,162",10.21,,,,,,
2019,1,Final,"16,619,501","133,317,550","134,845,133",12.47,"11,541,253","112,012,388","18,650,138",10.30,"5,433,429","82,609,757","932,601",6.58,"65,799","669,556",83,9.83,.,.,.,.,"33,659,982","328,609,251","154,427,955",10.24,,,,,,
2019,2,Final,"14,831,060","116,608,002","133,333,741",12.72,"10,761,049","102,070,879","18,539,519",10.54,"5,115,792","76,447,263","914,361",6.69,"67,280","671,549",83,10.02,.,.,.,.,"30,775,182","295,797,693","152,787,704",10.40,,,,,,
2019,3,Final,"14,457,026","112,605,415","135,170,833",12.84,"11,238,085","107,468,200","18,635,772",10.46,"5,453,587","81,092,831","919,551",6.73,"63,481","686,247",83,9.25,.,.,.,.,"31,212,179","301,852,693","154,726,239",10.34,,,,,,
2019,4,Final,"11,976,453","90,383,822","134,920,415",13.25,"10,776,634","102,445,940","18,640,407",10.52,"5,239,154","80,459,758","933,498",6.51,"57,683","610,318",84,9.45,.,.,.,.,"28,049,925","273,899,838","154,494,404",10.24,,,,,,
2019,5,Final,"13,355,938","100,331,071","135,405,612",13.31,"11,724,943","111,200,953","18,708,360",10.54,"5,667,052","84,661,293","954,838",6.69,"57,551","608,419",81,9.46,.,.,.,.,"30,805,483","296,801,736","155,068,891",10.38,,,,,,
2019,6,Final,"16,004,918","120,116,170","135,074,042",13.32,"12,617,675","115,745,027","18,637,617",10.90,"5,842,675","84,991,995","961,090",6.87,"60,900","608,413",83,10.01,.,.,.,.,"34,526,167","321,461,605","154,672,832",10.74,,,,,,
2019,7,Final,"20,381,882","153,748,889","135,468,046",13.26,"14,433,000","130,951,453","18,735,687",11.02,"6,476,373","90,752,187","988,365",7.14,"63,043","642,292",83,9.82,.,.,.,.,"41,354,297","376,094,821","155,192,181",11.00,,,,,,
2019,8,Final,"19,955,346","150,083,056","135,635,335",13.30,"14,406,589","130,776,174","18,728,398",11.02,"6,739,447","91,061,842","983,435",7.40,"63,001","653,016",82,9.65,.,.,.,.,"41,164,384","372,574,087","155,347,250",11.05,,,,,,
2019,9,Final,"17,316,721","131,566,727","135,291,081",13.16,"13,379,247","122,059,151","18,691,319",10.96,"6,085,010","86,160,377","975,412",7.06,"66,148","676,547",83,9.78,.,.,.,.,"36,847,127","340,462,801","154,957,895",10.82,,,,,,
2019,10,Final,"13,836,605","107,997,208","136,260,010",12.81,"12,380,439","115,304,903","18,821,137",10.74,"5,769,656","84,396,137","972,507",6.84,"52,756","542,957",83,9.72,.,.,.,.,"32,039,456","308,241,206","156,053,737",10.39,,,,,,
2019,11,Final,"13,346,147","102,452,922","135,340,521",13.03,"10,874,361","102,840,014","18,705,003",10.57,"5,350,484","79,624,664","945,483",6.72,"58,481","614,442",84,9.52,.,.,.,.,"29,629,473","285,532,042","154,991,091",10.38,,,,,,
2019,12,Final,"15,354,439","121,078,077","136,250,376",12.68,"11,146,488","108,001,476","18,836,882",10.32,"5,112,234","80,094,745","968,966",6.38,"61,328","648,393",84,9.46,.,.,.,.,"31,674,489","309,822,691","156,056,308",10.22,,,,,,
2020,1,Preliminary,"15,909,591","124,412,819","136,242,098",12.79,"11,143,610","108,902,506","18,726,475",10.23,"4,900,093","77,338,595","936,515",6.34,"64,224","664,451",83,9.67,.,.,.,.,"32,017,517","311,318,371","155,905,171",10.28,,,,,,
2020,2,Preliminary,"14,379,113","111,929,479","135,574,675",12.85,"10,558,721","101,904,086","18,609,363",10.36,"4,853,270","75,664,169","920,211",6.41,"58,795","622,325",83,9.45,.,.,.,.,"29,849,898","290,120,059","155,104,332",10.29,,,,,,
2020,3,Preliminary,"13,608,693","104,005,581","136,735,189",13.08,"10,712,548","102,936,699","18,790,044",10.41,"4,955,287","77,658,107","936,497",6.38,"56,648","576,676",83,9.82,.,.,.,.,"29,333,175","285,177,062","156,461,813",10.29,,,,,,
2020,4,Preliminary,"12,945,289","97,464,577","136,709,401",13.28,"9,440,652","90,631,199","18,747,085",10.42,"4,453,967","69,590,790","942,662",6.40,"44,109","458,142",83,9.63,.,.,.,.,"26,884,016","258,144,708","156,399,231",10.41,,,,,,
2020,5,Preliminary,"13,863,602","105,411,884","136,581,044",13.15,"9,765,217","93,405,746","18,689,151",10.45,"4,653,507","71,219,924","942,877",6.53,"41,841","448,209",83,9.34,.,.,.,.,"28,324,166","270,485,764","156,213,155",10.47,,,,,,
2020,6,Preliminary,"17,421,052","131,242,462","137,113,150",13.27,"11,899,956","108,698,813","18,781,260",10.95,"5,216,359","75,229,856","964,445",6.93,"50,559","479,925",83,10.53,.,.,.,.,"34,587,926","315,651,056","156,858,938",10.96,,,,,,
2020,7,Preliminary,"22,119,950","166,890,827","137,828,370",13.25,"13,734,532","126,010,236","18,838,779",10.90,"5,825,329","81,278,313","977,660",7.17,"56,812","554,600",82,10.24,.,.,.,.,"41,736,622","374,733,975","157,644,891",11.14,,,,,,
2020,8,Preliminary,"21,136,090","158,801,088","137,220,289",13.31,"13,367,779","122,034,533","18,749,022",10.95,"5,858,313","82,851,769","966,843",7.07,"53,778","524,782",82,10.25,.,.,.,.,"40,415,960","364,212,173","156,936,236",11.10,,,,,,
2020,9,Preliminary,"17,295,873","127,706,099","137,510,452",13.54,"12,432,116","112,296,609","18,789,551",11.07,"5,427,991","77,467,805","968,527",7.01,"54,976","531,556",82,10.34,.,.,.,.,"35,210,956","318,002,070","157,268,612",11.07,,,,,,
2020,10,Preliminary,"14,401,644","105,145,210","137,663,023",13.70,"11,586,005","107,403,966","18,841,522",10.79,"5,306,035","79,078,716","956,144",6.71,"50,834","514,382",82,9.88,.,.,.,.,"31,344,517","292,142,274","157,460,771",10.73,,,,,,
2020,11,Preliminary,"13,271,089","99,443,739","137,156,251",13.35,"10,281,814","97,091,218","18,754,436",10.59,"4,914,543","75,865,985","941,404",6.48,"51,928","525,247",82,9.89,.,.,.,.,"28,519,375","272,926,189","156,852,173",10.45,,,,,,
2020,12,Preliminary,"16,581,923","129,503,877","138,267,177",12.80,"10,937,001","104,402,703","18,911,582",10.48,"4,880,980","76,289,367","971,869",6.40,"61,949","631,691",82,9.81,.,.,.,.,"32,461,853","310,827,638","158,150,710",10.44,,,,,,
2021,1,Preliminary,"17,414,021","137,242,829","136,888,601",12.69,"10,738,643","104,191,698","18,847,509",10.31,"5,030,452","79,221,555","994,542",6.35,"54,256","562,650",82,9.64,.,.,.,.,"33,237,371","321,218,732","156,730,734",10.35,,,,,,
